Date,daily_trips,daily_miles,annual_members_cumulative,1-day_pass_sales,3_day_passes_purchased,7-day_pass_sales
5/27/2013,9767,21533,17216,0,null,0
5/28/2013,5215,8780,19816,0,null,0
5/29/2013,10981,21898,21986,0,null,0
5/30/2013,9850,20321,23985,0,null,0
5/31/2013,9253,20243,25615,0,null,0
6/1/2013,9852,26347,26756,0,null,0
6/2/2013,17590,52144,28253,4723,null,289
6/3/2013,8599,18907,29616,1160,null,221
6/4/2013,17589,48666,31095,2922,null,394
6/5/2013,17433,44918,32620,2821,null,279
6/6/2013,13732,30986,33954,1872,null,210
6/7/2013,1393,2066,34449,66,null,11
6/8/2013,19899,54664,35233,5013,null,230
6/9/2013,23236,71604,36295,5772,null,275
6/10/2013,4504,10138,37086,290,null,82
6/11/2013,14638,34630,37894,1836,null,273
6/12/2013,18960,45714,38805,2767,null,316
6/13/2013,8782,15075,39442,701,null,119
6/14/2013,16423,33980,40078,2268,null,211
6/15/2013,27276,72792,40702,6107,null,319
6/16/2013,23610,59573,41541,4413,null,314
6/17/2013,21278,43897,42564,2378,null,530
6/18/2013,14826,27670,43394,1236,null,277
6/19/2013,26267,54405,44223,2678,null,607
6/20/2013,28994,59935,45024,2814,null,421
6/21/2013,30660,64873,45815,3465,null,408
6/22/2013,31885,80432,46448,5902,null,383
6/23/2013,30653,76450,47203,4959,null,279
6/24/2013,26636,50664,48135,1844,null,386
6/25/2013,30426,56075,48915,1937,null,343
6/26/2013,32322,59663,49665,2000,null,301
6/27/2013,28094,55261,50355,1680,null,223
6/28/2013,30595,58036,51029,2268,null,291
6/29/2013,32947,77227,51505,4895,null,296
6/30/2013,27285,61052,52125,3592,null,178
7/1/2013,20151,36168,52722,846,null,167
7/2/2013,26682,48733,53310,1435,null,219
7/3/2013,25509,46017,53748,1419,null,189
7/4/2013,26004,63673,54073,4219,null,257
7/5/2013,25541,53419,54507,2803,null,215
7/6/2013,23697,53762,54843,3178,null,172
7/7/2013,23688,50634,55284,2703,null,186
7/8/2013,26063,49831,55971,1453,null,321
7/9/2013,30929,55499,56610,1379,null,287
7/10/2013,30705,55949,57194,1435,null,223
7/11/2013,29689,56393,57725,1478,null,196
7/12/2013,22817,39970,58133,1096,null,118
7/13/2013,30132,64834,58495,3285,null,213
7/14/2013,33545,75019,58954,3681,null,224
7/15/2013,32565,57755,59593,1382,null,273
7/16/2013,34757,61857,60129,1288,null,251
7/17/2013,35172,60697,60619,1303,null,201
7/18/2013,33222,56228,61008,1094,null,143
7/19/2013,30667,52784,61366,1389,null,164
7/20/2013,29145,58799,61652,2811,null,169
7/21/2013,34694,76310,62074,3502,null,191
7/22/2013,29787,50145,62577,1005,null,184
7/23/2013,37296,65911,63026,1390,null,220
7/24/2013,40699,74469,63466,1708,null,211
7/25/2013,36207,62188,63822,1163,null,144
7/26/2013,39499,72710,64182,2073,null,176
7/27/2013,37131,82270,64495,4259,null,197
7/28/2013,26780,53561,64884,2391,null,137
7/29/2013,40018,73426,65381,1712,null,275
7/30/2013,42982,77917,65855,1701,null,237
7/31/2013,42745,76981,66310,1692,null,186
8/1/2013,23025,34795,66644,415,null,73
8/2/2013,40654,75390,67027,2302,null,230
8/3/2013,34173,73300,67293,3417,null,180
8/4/2013,40103,93191,67685,4547,null,261
8/5/2013,41759,78764,68242,1924,null,276
8/6/2013,42974,79262,68744,1778,null,222
8/7/2013,39120,66709,69137,1261,null,183
8/8/2013,32063,51665,69436,946,null,137
8/9/2013,32926,54952,69722,1269,null,134
8/10/2013,43368,103744,69996,5567,null,223
8/11/2013,37161,83004,70368,3826,null,234
8/12/2013,35646,62896,70799,1314,null,257
8/13/2013,25569,44374,71121,787,null,111
8/14/2013,43437,78481,71481,1727,null,219
8/15/2013,42922,76299,71862,1733,null,179
8/16/2013,41251,77044,72207,2085,null,170
8/17/2013,44284,104290,72471,5729,null,217
8/18/2013,31512,62738,72846,2524,null,160
8/19/2013,37922,65704,73299,1395,null,236
8/20/2013,41155,72697,73703,1491,null,233
8/21/2013,41718,73197,74080,1365,null,176
8/22/2013,30747,51256,74400,787,null,128
8/23/2013,38716,72175,74713,1965,null,157
8/24/2013,38049,81052,75012,3933,null,194
8/25/2013,36641,80733,75372,3626,null,199
8/26/2013,34812,61473,75756,1098,null,190
8/27/2013,39258,67085,76123,1222,null,188
8/28/2013,32262,53456,76402,765,null,102
8/29/2013,38626,65917,76669,1363,null,141
8/30/2013,36870,67249,76922,1872,null,165
8/31/2013,28547,60049,77133,3064,null,174
9/1/2013,28330,61096,77331,3273,null,148
9/2/2013,24094,46060,77609,1829,null,121
9/3/2013,36963,62806,77997,1015,null,157
9/4/2013,42085,73701,78388,1263,null,176
9/5/2013,40817,70544,78726,1354,null,185
9/6/2013,40930,72124,79010,1556,null,155
9/7/2013,38950,80081,79273,3600,null,200
9/8/2013,37536,76326,79649,3025,null,182
9/9/2013,40539,70713,80049,1060,null,203
9/10/2013,42038,71114,80350,986,null,182
9/11/2013,40533,67437,80645,1046,null,147
9/12/2013,35065,56447,80910,756,null,126
9/13/2013,41200,70849,81164,1375,null,145
9/14/2013,35363,69181,81370,3035,null,153
9/15/2013,35843,72550,81650,3010,null,167
9/16/2013,35106,56195,81970,781,null,149
9/17/2013,43117,70847,82207,971,null,170
9/18/2013,42936,71356,82480,1078,null,152
9/19/2013,43920,73658,82735,1209,null,154
9/20/2013,43895,75094,82959,1631,null,156
9/21/2013,35348,70321,83161,3096,null,132
9/22/2013,33105,64757,83412,2479,null,136
9/23/2013,38963,64157,83689,1006,null,171
9/24/2013,42954,70403,83922,1158,null,153
9/25/2013,42639,70500,84130,966,null,133
9/26/2013,42247,68645,84305,973,null,117
9/27/2013,41368,68978,84519,1321,null,137
9/28/2013,38939,78400,84712,3452,null,126
9/29/2013,36040,70652,84913,2718,null,161
9/30/2013,41079,67168,85236,1023,null,140
10/1/2013,44772,73665,85494,1004,null,null
10/2/2013,45667,76148,85773,1129,null,null
10/3/2013,44472,72635,86333,1076,null,null
10/4/2013,44089,74223,87112,1434,null,null
10/5/2013,37683,73892,87862,2971,null,null
10/6/2013,29029,49887,88604,1368,null,null
10/7/2013,27504,40324,89189,421,null,null
10/8/2013,42200,69115,89521,896,null,null
10/9/2013,40607,62214,89769,714,null,null
10/10/2013,34107,49732,89951,482,null,null
10/11/2013,36381,56497,90121,798,null,null
10/12/2013,35480,69841,90301,2855,null,null
10/13/2013,31501,59555,90522,2208,null,null
10/14/2013,36186,60261,90770,1291,null,null
10/15/2013,41459,66625,90977,934,null,null
10/16/2013,40644,64115,91171,789,null,null
10/17/2013,40363,63927,91343,815,null,null
10/18/2013,41775,69165,91551,1267,null,null
10/19/2013,32469,59523,91659,2146,null,null
10/20/2013,32016,60670,91815,2114,null,null
10/21/2013,38348,62216,92029,849,null,null
10/22/2013,39741,60423,92213,636,null,null
10/23/2013,35358,50320,92324,355,null,null
10/24/2013,35238,50610,92410,444,null,null
10/25/2013,33711,50108,92505,592,null,null
10/26/2013,26653,45373,92598,1387,null,null
10/27/2013,25980,44415,92698,1362,null,null
10/28/2013,34298,52644,92844,530,null,null
10/29/2013,36280,53764,92944,450,null,null
10/30/2013,37817,54941,93035,453,null,null
10/31/2013,33991,51283,93137,464,null,null
11/1/2013,33193,52034,93221,848,null,null
11/2/2013,33688,64833,93320,2434,null,null
11/3/2013,22414,34854,93424,831,null,null
11/4/2013,29474,42802,93495,429,null,null
11/5/2013,34179,49677,93598,471,null,null
11/6/2013,37785,58124,93706,627,null,null
11/7/2013,27849,38519,93804,221,null,null
11/8/2013,31032,45872,93859,456,null,null
11/9/2013,23522,39115,93918,1121,null,null
11/10/2013,21270,33487,93969,952,null,null
11/11/2013,29544,43019,94061,438,null,null
11/12/2013,21505,27480,94127,111,null,null
11/13/2013,25504,33933,94189,157,null,null
11/14/2013,29194,40663,94250,274,null,null
11/15/2013,31526,47207,94305,601,null,null
11/16/2013,27208,48100,94361,1696,null,null
11/17/2013,19397,29366,94425,652,null,null
11/18/2013,33718,52401,94533,515,null,null
11/19/2013,29633,40023,94593,198,null,null
11/20/2013,28286,37925,94652,252,null,null
11/21/2013,31089,43428,94697,289,null,null
11/22/2013,27503,38760,94739,352,null,null
11/23/2013,20396,31639,94768,858,null,null
11/24/2013,10069,12248,94808,137,null,null
11/25/2013,20649,26562,94843,118,null,null
11/26/2013,16206,20283,94873,89,null,null
11/27/2013,8615,10329,94897,49,null,null
11/28/2013,5668,8377,94912,211,null,null
11/29/2013,10967,15407,94928,351,null,null
11/30/2013,10605,15508,94955,401,null,null
12/1/2013,14322,21122,94997,456,null,null
12/2/2013,26522,37727,95071,240,null,null
12/3/2013,29766,42165,95140,252,null,null
12/4/2013,30472,43921,95197,252,null,null
12/5/2013,29222,41989,95250,311,null,null
12/6/2013,11626,14675,95296,62,null,null
12/7/2013,16868,24381,95334,456,null,null
12/8/2013,10892,14170,95354,180,null,null
12/9/2013,16192,20537,95401,58,null,null
12/10/2013,13947,17766,95418,39,null,null
12/11/2013,20369,25839,95444,93,null,null
12/12/2013,18552,23242,95479,69,null,null
12/13/2013,19381,25662,95507,161,null,null
12/14/2013,3983,5072,95516,39,null,null
12/15/2013,8127,10192,95535,76,null,null
12/16/2013,16842,21353,95568,67,null,null
12/17/2013,8552,11008,95596,15,null,null
12/18/2013,16246,21251,95628,89,null,null
12/19/2013,20309,26955,95662,157,null,null
12/20/2013,23849,33510,95687,365,null,null
12/21/2013,19362,32360,95723,962,null,null
12/22/2013,16338,26291,95765,741,null,null
12/23/2013,7516,9406,95793,70,null,null
12/24/2013,11971,15563,95823,175,null,null
12/25/2013,3523,5458,95869,184,null,null
12/26/2013,10570,13556,95920,134,null,null
12/27/2013,12649,17629,95969,279,null,null
12/28/2013,12867,21988,96005,821,null,null
12/29/2013,4070,4986,96032,104,null,null
12/30/2013,14222,19982,96084,336,null,null
12/31/2013,11349,14855,96125,237,null,null
1/1/2014,6559,9254,95971,268,null,10
1/2/2014,9334,11736,96000,66,null,3
1/3/2014,1288,1855,96042,1,null,1
1/4/2014,2494,3706,96065,14,null,1
1/5/2014,2937,3720,96084,17,null,4
1/6/2014,10481,13015,96102,30,null,7
1/7/2014,7144,8201,96124,5,null,4
1/8/2014,10162,11768,96152,28,null,4
1/9/2014,14571,18401,96171,74,null,10
1/10/2014,10685,13433,96189,49,null,5
1/11/2014,8333,10735,96225,101,null,16
1/12/2014,13549,19140,96247,350,null,22
1/13/2014,22377,30830,96276,224,null,31
1/14/2014,10849,13271,96348,45,null,4
1/15/2014,23500,32303,96391,241,null,30
1/16/2014,21528,28807,96453,208,null,37
1/17/2014,21840,30773,96509,282,null,34
1/18/2014,10222,14595,96576,176,null,15
1/19/2014,9768,13591,96616,194,null,13
1/20/2014,14581,20103,96654,133,null,11
1/21/2014,4171,5429,96701,5,null,1
1/22/2014,2762,4061,96733,4,null,3
1/23/2014,5743,8336,96741,9,null,1
1/24/2014,6901,9375,96757,15,null,6
1/25/2014,4716,6005,96770,34,null,0
1/26/2014,5462,6691,96784,37,null,6
1/27/2014,14304,18127,96804,55,null,18
1/28/2014,11066,13722,96830,18,null,7
1/29/2014,10838,13394,96852,21,null,6
1/30/2014,13198,16914,96885,42,null,7
1/31/2014,15886,21541,96912,130,null,10
2/1/2014,13797,20707,96935,349,null,29
2/2/2014,15009,22915,96958,449,null,10
2/3/2014,2839,3635,96998,4,null,2
2/4/2014,9551,12708,97025,37,null,2
2/5/2014,3076,4603,97046,8,null,1
2/6/2014,8227,12641,97061,25,null,9
2/7/2014,9473,14206,97082,36,null,5
2/8/2014,6640,9563,97094,71,null,1
2/9/2014,5527,7805,97109,47,null,6
2/10/2014,7643,10867,97128,16,null,3
2/11/2014,9258,12570,97154,22,null,4
2/12/2014,9531,12691,97174,24,null,3
2/13/2014,978,1725,97184,3,null,1
2/14/2014,4029,6586,97191,16,null,8
2/15/2014,2512,3834,97205,23,null,2
2/16/2014,3362,5063,97221,34,null,2
2/17/2014,5433,8226,97233,40,null,10
2/18/2014,5727,8392,97243,19,null,2
2/19/2014,9485,14087,97262,45,null,6
2/20/2014,12971,18707,97280,103,null,11
2/21/2014,9545,12423,97307,59,null,8
2/22/2014,14261,25945,97341,730,null,31
2/23/2014,14567,25298,97379,666,null,35
2/24/2014,14119,19238,97435,79,null,10
2/25/2014,14003,17699,97511,50,null,14
2/26/2014,12168,15039,97556,35,null,7
2/27/2014,13138,16042,97584,54,null,10
2/28/2014,10483,13017,97612,46,null,12
3/1/2014,9944,14365,97650,255,null,11
3/2/2014,9017,12288,97687,196,null,12
3/3/2014,8618,12020,97727,44,null,3
3/4/2014,11494,14473,97768,36,null,11
3/5/2014,14934,19147,97807,90,null,13
3/6/2014,13758,17120,97869,50,null,7
3/7/2014,14736,19809,97907,108,null,10
3/8/2014,18119,34814,97970,1211,null,46
3/9/2014,13300,20467,98052,496,null,32
3/10/2014,18844,25777,98146,206,null,30
3/11/2014,26436,41688,98261,574,null,66
3/12/2014,16273,21803,98448,153,null,21
3/13/2014,12164,15663,98572,55,null,7
3/14/2014,17745,23539,98639,209,null,14
3/15/2014,19664,35301,98716,1316,null,54
3/16/2014,10740,16055,98827,274,null,31
3/17/2014,13681,17722,98904,106,null,19
3/18/2014,18046,24985,98995,181,null,30
3/19/2014,14387,19079,99082,87,null,19
3/20/2014,21299,31017,99160,292,null,36
3/21/2014,22266,33189,99280,386,null,26
3/22/2014,21671,42207,99429,1525,null,55
3/23/2014,12846,19105,99563,451,null,19
3/24/2014,14729,18838,99678,105,null,20
3/25/2014,17388,22135,99762,108,null,19
3/26/2014,15538,19368,99841,91,null,16
3/27/2014,18166,25303,99913,164,null,17
3/28/2014,20025,29858,99991,255,null,29
3/29/2014,4870,6546,100072,142,null,0
3/30/2014,8645,13365,100127,209,null,15
3/31/2014,18686,26780,100220,276,null,47
4/1/2014,26163,40978,100337,475,null,67
4/2/2014,24299,35540,100511,237,null,33
4/3/2014,28379,44649,100629,596,null,63
4/4/2014,13593,17645,100800,103,null,10
4/5/2014,20333,36797,100892,1221,null,42
4/6/2014,22643,45575,101019,1641,null,62
4/7/2014,15869,21901,101184,159,null,36
4/8/2014,23636,34850,101315,369,null,44
4/9/2014,29194,45619,101441,447,null,57
4/10/2014,29722,46022,101642,525,null,65
4/11/2014,29283,49270,101814,632,null,83
4/12/2014,29773,63649,101954,2710,null,89
4/13/2014,29521,65746,102129,2411,null,109
4/14/2014,31732,57307,102357,993,null,114
4/15/2014,11370,14638,102623,73,null,19
4/16/2014,21713,31428,102751,279,null,50
4/17/2014,24190,36642,102883,470,null,53
4/18/2014,22409,33845,102996,628,null,60
4/19/2014,26541,59462,103094,2666,null,99
4/20/2014,20122,40814,103212,1639,null,84
4/21/2014,29618,50570,103366,839,null,105
4/22/2014,29580,45813,103642,560,null,58
4/23/2014,29341,44265,103811,358,null,68
4/24/2014,30515,48330,103984,646,null,95
4/25/2014,30299,49915,104144,767,null,56
4/26/2014,21785,42759,104270,1720,null,57
4/27/2014,24093,46189,104388,1616,null,84
4/28/2014,31279,51168,104544,744,null,94
4/29/2014,20003,26840,104720,160,null,24
4/30/2014,3093,3572,104840,15,null,0
5/1/2014,29448,51319,104903,780,null,94
5/2/2014,35590,60514,105041,1192,null,144
5/3/2014,28254,61950,105233,2440,null,150
5/4/2014,23450,43925,105385,1479,null,77
5/5/2014,33706,58904,105544,842,null,127
5/6/2014,35977,62455,105763,836,null,100
5/7/2014,36210,58617,105960,799,null,91
5/8/2014,19518,28900,106155,303,null,20
5/9/2014,24990,37118,106260,537,null,59
5/10/2014,24179,44945,106371,1617,null,74
5/11/2014,31551,71587,106504,2768,null,145
5/12/2014,35209,61464,106665,935,null,124
5/13/2014,36281,59204,106911,737,null,125
5/14/2014,33087,52064,107115,586,null,75
5/15/2014,28847,45347,107279,566,null,76
5/16/2014,19561,27664,107408,218,null,22
5/17/2014,33141,71372,107522,2968,null,141
5/18/2014,30026,61976,107652,2476,null,124
5/19/2014,34763,56667,107806,914,null,124
5/20/2014,38928,66578,108032,1145,null,141
5/21/2014,37493,61069,108226,897,null,115
5/22/2014,26753,39650,108372,470,null,40
5/23/2014,26895,42128,108493,793,null,84
5/24/2014,18503,35805,108601,1532,null,105
5/25/2014,28266,68798,108710,3535,null,144
5/26/2014,29819,70712,108825,3095,null,143
5/27/2014,36165,63451,108994,1196,null,162
5/28/2014,32666,49670,109247,533,null,79
5/29/2014,37184,60222,109411,930,null,108
5/30/2014,37875,65240,109555,1191,null,118
5/31/2014,30659,61976,109722,2305,null,129
6/1/2014,34597,75594,109861,2912,null,168
6/2/2014,38143,68186,110073,1099,null,150
6/3/2014,32504,52767,110350,702,null,119
6/4/2014,39747,66953,110588,950,null,135
6/5/2014,27165,44714,110758,692,null,81
6/6/2014,41291,72887,110904,1668,null,128
6/7/2014,34417,74549,111068,2888,null,165
6/8/2014,33432,73196,111184,2704,null,117
6/9/2014,20545,32252,111346,394,null,43
6/10/2014,36959,59916,111473,783,null,117
6/11/2014,33809,55193,111640,691,null,105
6/12/2014,32186,49272,111761,644,null,78
6/13/2014,20236,31146,111895,565,null,40
6/14/2014,31432,63830,112001,2442,null,129
6/15/2014,31029,65140,112107,2397,null,136
6/16/2014,38568,66964,112249,1080,null,153
6/17/2014,38963,66789,112449,978,null,124
6/18/2014,38984,64305,112622,905,null,139
6/19/2014,35327,58660,112783,812,null,92
6/20/2014,38827,78661,112896,1439,null,117
6/21/2014,33325,69714,113060,2951,null,149
6/22/2014,32300,65036,113154,2532,null,107
6/23/2014,36342,61529,113289,1024,null,167
6/24/2014,39886,66604,113482,939,null,136
6/25/2014,38035,60763,113655,868,null,137
6/26/2014,38610,63768,113784,1051,null,109
6/27/2014,39697,70902,113905,1573,null,147
6/28/2014,31684,65075,114020,2679,null,125
6/29/2014,30784,64706,114142,2450,null,125
6/30/2014,36854,61917,114260,1044,null,120
7/1/2014,37970,61170,114434,955,null,120
7/2/2014,28765,44192,114560,688,null,92
7/3/2014,30078,48573,114720,819,null,88
7/4/2014,14850,27905,114844,1196,null,77
7/5/2014,25116,55725,114892,2566,null,127
7/6/2014,26615,65358,114978,2392,null,111
7/7/2014,35075,59834,115092,905,null,160
7/8/2014,35734,57828,115287,740,null,120
7/9/2014,37588,60912,115446,879,null,127
7/10/2014,39779,66239,115605,1052,null,115
7/11/2014,38416,65516,115711,1339,null,93
7/12/2014,31413,63664,115810,2697,null,115
7/13/2014,27089,50105,115914,1713,null,91
7/14/2014,28173,43222,116026,637,null,93
7/15/2014,24993,37092,116142,410,null,58
7/16/2014,38610,63616,116245,959,null,116
7/17/2014,41996,70061,116361,1114,null,110
7/18/2014,39526,69416,116472,1502,null,148
7/19/2014,31943,64395,116551,2796,null,130
7/20/2014,33156,68542,116669,2767,null,146
7/21/2014,38963,64824,116812,1162,null,129
7/22/2014,40450,67081,116969,992,null,127
7/23/2014,37508,59956,117090,816,null,126
7/24/2014,40419,67584,117229,1064,null,109
7/25/2014,39768,68652,117340,1457,null,105
7/26/2014,29882,59645,117427,2428,null,92
7/27/2014,29669,58193,117530,2108,null,115
7/28/2014,36360,59567,117703,877,null,150
7/29/2014,41198,68064,117930,1089,null,128
7/30/2014,41207,68127,118075,1116,null,99
7/31/2014,39282,65414,118204,1065,null,113
8/1/2014,35829,59202,118314,1192,null,93
8/2/2014,30013,59202,118408,2540,null,127
8/3/2014,27854,55867,118555,2146,null,96
8/4/2014,37408,63737,118704,1097,null,165
8/5/2014,38168,63957,118830,1059,null,119
8/6/2014,39942,66342,118938,1067,null,144
8/7/2014,39933,67398,119047,1083,null,129
8/8/2014,37367,64330,119137,1342,null,111
8/9/2014,35701,81003,119244,3814,null,151
8/10/2014,29339,61287,119351,2303,null,131
8/11/2014,36837,61708,119495,1167,null,132
8/12/2014,28591,41880,119584,526,null,90
8/13/2014,30698,49367,119693,661,null,98
8/14/2014,38863,67924,119789,1069,null,128
8/15/2014,35524,60015,119869,1198,null,117
8/16/2014,36127,83272,119962,4217,null,155
8/17/2014,30223,61390,120069,2344,null,121
8/18/2014,37851,64873,120227,1156,null,157
8/19/2014,38912,65883,120356,965,null,140
8/20/2014,39090,66900,120470,1057,null,110
8/21/2014,36917,62373,120598,960,null,107
8/22/2014,33147,54765,120688,863,null,81
8/23/2014,28956,57270,120769,2254,null,98
8/24/2014,30422,65005,120884,2528,null,125
8/25/2014,36244,60866,121050,1007,null,146
8/26/2014,37937,62487,121157,937,null,124
8/27/2014,36900,61488,121292,829,null,83
8/28/2014,37055,62402,121423,982,null,83
8/29/2014,34292,59371,121522,1329,null,109
8/30/2014,25239,52782,121610,2442,null,99
8/31/2014,20097,41594,121690,1952,null,89
9/1/2014,26055,51270,121809,2083,null,105
9/2/2014,34005,53842,121979,693,null,121
9/3/2014,38998,62736,122124,789,null,148
9/4/2014,40022,64563,122248,816,null,125
9/5/2014,38325,64421,122356,1111,null,121
9/6/2014,28290,51519,122438,1674,null,105
9/7/2014,32524,65394,122555,2222,null,115
9/8/2014,38091,60610,122697,818,null,118
9/9/2014,38101,59026,122818,620,null,99
9/10/2014,41634,69561,122915,981,null,104
9/11/2014,40864,65798,123006,844,null,90
9/12/2014,41341,75561,123111,1195,null,103
9/13/2014,19110,31600,123192,842,null,67
9/14/2014,31589,62963,123309,2290,null,117
9/15/2014,39044,64983,123421,858,null,118
9/16/2014,28285,43250,123521,484,null,61
9/17/2014,41347,67758,123636,916,null,121
9/18/2014,41145,67840,123718,887,null,115
9/19/2014,38162,62500,123796,979,null,90
9/20/2014,32951,64838,123850,2464,null,122
9/21/2014,28530,54319,123926,1693,null,90
9/22/2014,36624,59024,124044,748,null,84
9/23/2014,40105,66590,124124,841,null,106
9/24/2014,38976,62834,124230,719,null,100
9/25/2014,18282,26019,124291,165,null,24
9/26/2014,38394,66227,124376,1297,null,118
9/27/2014,33322,69724,124433,2712,null,118
9/28/2014,32080,64811,124532,2259,null,129
9/29/2014,36896,59305,124645,689,null,114
9/30/2014,39061,59970,124734,613,null,65
10/1/2014,31197,44612,124846,330,null,48
10/2/2014,38286,60639,124959,602,null,86
10/3/2014,38956,65739,125024,1276,null,107
10/4/2014,15088,24254,125058,617,null,26
10/5/2014,26247,48930,125109,1470,null,90
10/6/2014,35651,56380,125203,710,null,99
10/7/2014,36931,58740,125262,593,null,81
10/8/2014,37870,60594,125354,667,null,86
10/9/2014,36427,57865,125407,709,null,71
10/10/2014,34690,54690,125464,905,null,78
10/11/2014,14805,23278,125487,528,null,34
10/12/2014,26259,52781,125529,2083,null,80
10/13/2014,25616,40275,125589,749,null,60
10/14/2014,36529,61691,125651,869,null,101
10/15/2014,31784,49319,125703,506,null,82
10/16/2014,29845,47808,125763,499,null,61
10/17/2014,37759,64389,125816,1180,null,105
10/18/2014,27634,52554,125865,1806,null,63
10/19/2014,21017,35039,125914,1000,null,57
10/20/2014,30928,48030,125968,514,null,74
10/21/2014,34710,53960,126008,539,null,90
10/22/2014,10402,13894,126037,110,null,30
10/23/2014,14886,20446,126062,74,null,19
10/24/2014,33022,51151,126086,722,null,84
10/25/2014,27802,53881,126117,2093,null,83
10/26/2014,23077,41308,126166,1220,null,71
10/27/2014,31908,49892,126229,519,null,73
10/28/2014,36429,56602,126395,628,null,79
10/29/2014,32944,48378,126460,466,null,70
10/30/2014,34658,52162,126487,557,null,61
10/31/2014,30787,46834,126503,653,null,75
11/1/2014,6739,8703,126514,98,null,10
11/2/2014,15730,23106,126527,480,null,44
11/3/2014,29590,45368,126557,568,null,51
11/4/2014,34612,54306,126579,665,null,80
11/5/2014,33764,52464,126611,513,null,49
11/6/2014,13882,18743,126627,98,null,12
11/7/2014,28053,40163,126647,416,null,45
11/8/2014,19372,31589,126659,878,null,40
11/9/2014,20225,34251,126675,952,null,44
11/10/2014,30616,46768,126700,607,null,46
11/11/2014,32312,49461,126719,599,null,41
11/12/2014,30830,45234,126747,325,null,36
11/13/2014,22798,32395,126770,252,null,21
11/14/2014,23452,33240,126783,242,null,28
11/15/2014,15403,23774,126797,522,null,16
11/16/2014,14544,20645,126811,319,null,20
11/17/2014,8944,11294,126823,25,null,8
11/18/2014,18436,23704,126834,78,null,26
11/19/2014,18211,24052,126847,102,null,17
11/20/2014,22682,30878,126858,160,null,20
11/21/2014,19582,25533,126865,131,null,24
11/22/2014,13838,20211,126875,345,null,9
11/23/2014,17012,27503,126886,628,null,26
11/24/2014,25007,37873,126894,374,null,45
11/25/2014,27889,39495,126904,365,null,27
11/26/2014,4064,4997,126908,14,null,1
11/27/2014,4331,5954,126911,74,null,10
11/28/2014,9157,12743,126918,209,null,8
11/29/2014,8974,12808,126924,235,null,14
11/30/2014,13612,21244,126937,449,null,25
12/1/2014,20398,29977,126956,281,null,20
12/2/2014,16961,22343,126970,45,null,24
12/3/2014,15078,23083,126978,65,null,6
12/4/2014,23442,33077,126986,191,null,14
12/5/2014,17289,23200,126992,153,null,12
12/6/2014,4487,5787,127004,59,null,5
12/7/2014,11404,16007,127012,254,null,13
12/8/2014,17015,21665,127024,60,null,11
12/9/2014,7322,9458,127031,18,null,4
12/10/2014,11476,14590,127036,23,null,5
12/11/2014,19840,27417,127041,144,null,19
12/12/2014,19393,25689,127046,151,null,13
12/13/2014,13760,21276,127050,324,null,20
12/14/2014,13255,19351,127058,326,null,20
12/15/2014,21306,29232,127065,186,null,25
12/16/2014,18653,25116,127075,119,null,19
12/17/2014,22350,30878,127085,186,null,18
12/18/2014,20679,27451,127093,119,null,14
12/19/2014,18696,24828,127104,158,null,14
12/20/2014,10628,13747,127116,145,null,7
12/21/2014,9582,12740,127126,170,null,9
12/22/2014,14849,20321,127138,156,null,17
12/23/2014,10405,13946,127146,68,null,9
12/24/2014,4716,6183,127155,36,null,7
12/25/2014,5354,11023,127165,456,null,0
12/26/2014,10775,17715,127183,464,null,63
12/27/2014,11128,21130,127196,58,null,0
12/28/2014,8719,12978,127222,326,null,23
12/29/2014,14763,22499,127244,37,null,0
12/30/2014,13277,18112,127258,214,null,31
12/31/2014,10450,14560,127269,216,null,12
1/1/2015,5792,9191,127279,267,null,11
1/2/2015,12371,18222,127293,298,null,8
1/3/2015,4834,6282,127300,96,null,7
1/4/2015,8509,11700,127308,152,null,5
1/5/2015,15792,20022,127336,88,null,12
1/6/2015,9483,12003,127354,2,null,1
1/7/2015,10685,12791,127363,5,null,1
1/8/2015,9777,11667,127372,18,null,0
1/9/2015,8631,11093,127376,16,null,2
1/10/2015,6826,8189,127383,51,null,3
1/11/2015,8204,10199,127395,68,null,8
1/12/2015,9441,11589,127408,27,null,2
1/13/2015,14134,17429,127418,23,null,10
1/14/2015,14396,18105,127427,43,null,7
1/15/2015,15463,19803,127434,64,null,8
1/16/2015,15059,19084,127441,94,null,14
1/17/2015,8243,10818,127453,152,null,3
1/18/2015,2038,2435,127461,12,null,0
1/19/2015,11913,15733,127470,124,null,11
1/20/2015,17615,22740,127502,93,null,9
1/21/2015,16734,21228,127520,67,null,16
1/22/2015,17435,22630,127530,74,null,9
1/23/2015,17080,22248,127545,95,null,14
1/24/2015,5275,6723,127552,41,null,2
1/25/2015,10235,14421,127559,202,null,4
1/26/2015,4537,5979,127566,15,null,0
1/27/2015,1405,2343,127569,36,null,1
1/28/2015,6223,9907,127575,12,null,2
1/29/2015,9845,14171,127586,31,null,3
1/30/2015,9943,12945,127595,21,null,6
1/31/2015,5752,7328,127596,38,null,2
2/1/2015,7214,9186,127608,72,null,8
2/2/2015,1686,2635,127608,6,null,0
2/3/2015,5443,7816,127612,5,null,1
2/4/2015,9854,13775,127624,27,null,1
2/5/2015,9977,12607,127630,13,null,1
2/6/2015,9334,11948,127635,26,null,4
2/7/2015,7346,10045,127640,83,null,7
2/8/2015,7180,9671,127642,65,null,7
2/9/2015,5717,7234,127646,10,null,3
2/10/2015,11289,14526,127652,36,null,5
2/11/2015,12453,16204,127657,46,null,12
2/12/2015,12651,16248,127667,45,null,4
2/13/2015,8595,10773,127674,28,null,2
2/14/2015,5124,6392,127678,54,null,2
2/15/2015,2837,3289,127681,12,null,0
2/16/2015,4500,5423,127682,19,null,2
2/17/2015,5289,6869,127683,14,null,2
2/18/2015,10001,12995,127693,35,null,6
2/19/2015,8485,10080,127696,14,null,0
2/20/2015,6825,8056,127700,14,null,3
2/21/2015,3453,4164,127701,24,null,5
2/22/2015,4654,6648,127706,55,null,4
2/23/2015,8343,10519,127714,11,null,8
2/24/2015,8483,10675,127729,12,null,1
2/25/2015,12057,15655,127739,49,null,5
2/26/2015,11047,14744,127747,26,null,7
2/27/2015,10861,14313,127753,57,null,10
2/28/2015,6836,8975,127754,71,null,3
3/1/2015,3169,4042,127763,37,null,4
3/2/2015,8019,10767,127770,27,null,3
3/3/2015,7178,9430,127775,18,null,2
3/4/2015,8265,10842,127779,28,null,4
3/5/2015,1821,2604,127784,4,null,0
3/6/2015,5953,8248,127792,19,null,6
3/7/2015,6255,8849,127799,96,null,9
3/8/2015,8711,13701,127819,245,null,16
3/9/2015,16365,24159,127852,218,null,24
3/10/2015,13080,17626,127886,126,null,17
3/11/2015,21728,33446,127936,386,null,29
3/12/2015,19246,26931,127977,195,null,22
3/13/2015,17850,24699,128023,239,null,27
3/14/2015,4302,5592,128041,60,null,5
3/15/2015,9676,13635,128071,260,null,31
3/16/2015,18476,26091,128108,273,null,35
3/17/2015,16287,22462,128143,178,null,21
3/18/2015,15050,11465,128169,110,null,15
3/19/2015,16699,16176,128191,150,null,14
3/20/2015,8786,11465,128204,58,null,6
3/21/2015,10236,16176,128216,367,null,23
3/22/2015,10638,16098,128249,381,null,10
3/23/2015,14669,18957,128287,111,null,25
3/24/2015,17532,23581,128313,168,null,34
3/25/2015,15851,21456,128347,136,null,22
3/26/2015,16193,22876,128385,125,null,25
3/27/2015,15433,21520,128417,188,null,19
3/28/2015,1255,1562,128431,10,null,2
3/29/2015,10585,17373,128485,473,null,27
3/30/2015,19250,26828,128527,244,null,53
3/31/2015,15199,20532,128576,122,null,38
4/1/2015,21566,31708,128629,325,null,34
4/2/2015,26346,43134,128698,864,null,65
4/3/2015,15978,23643,128735,365,null,27
4/4/2015,15538,27764,128783,1029,null,46
4/5/2015,14962,29709,128846,1208,null,52
4/6/2015,25502,43529,128940,1065,null,73
4/7/2015,17640,24209,129003,270,null,33
4/8/2015,19223,26004,129047,276,null,30
4/9/2015,17723,23891,129081,163,null,20
4/10/2015,17648,25628,129124,289,null,37
4/11/2015,20451,39786,129193,1600,null,59
4/12/2015,21851,46764,129273,1951,null,87
4/13/2015,26980,43753,129377,603,null,73
4/14/2015,24452,36555,129451,334,null,53
4/15/2015,30184,49727,129541,733,null,84
4/16/2015,29273,45915,129639,617,null,57
4/17/2015,26164,42203,129717,671,null,81
4/18/2015,31024,71371,129802,3685,null,138
4/19/2015,23444,46416,129901,1851,null,103
4/20/2015,12080,16377,129974,96,null,23
4/21/2015,27057,43508,130039,608,null,88
4/22/2015,23893,35999,130109,374,null,51
4/23/2015,23886,34259,130168,311,null,61
4/24/2015,22605,32678,130211,421,null,37
4/25/2015,22963,46054,130293,2095,null,85
4/26/2015,23608,48664,130378,1999,null,128
4/27/2015,27657,43197,130486,609,null,99
4/28/2015,32481,54129,130575,893,null,98
4/29/2015,34427,59166,130671,1087,null,150
4/30/2015,31756,51077,130745,785,null,102
5/1/2015,30345,48736,130840,917,null,106
5/2/2015,28295,60188,130899,2799,null,138
5/3/2015,30446,69728,130992,3361,null,154
5/4/2015,35115,63531,131145,1397,null,191
5/5/2015,35990,60088,131284,987,null,145
5/6/2015,32788,50987,131366,712,null,90
5/7/2015,37762,64189,131496,1271,null,133
5/8/2015,37206,64255,131607,1596,null,170
5/9/2015,26813,51941,131677,2077,null,158
5/10/2015,28962,62364,131752,2444,null,189
5/11/2015,35068,57873,131884,1084,null,198
5/12/2015,38186,62939,131979,1103,null,179
5/13/2015,36162,57091,132074,891,null,119
5/14/2015,44429,80286,132158,4927,null,82
5/15/2015,37687,64660,132225,1665,null,181
5/16/2015,26142,50862,132293,2392,null,155
5/17/2015,34006,73458,132357,3499,null,189
5/18/2015,33527,53794,132470,1031,null,129
5/19/2015,36272,58026,132561,943,null,177
5/20/2015,36020,57290,132643,923,null,100
5/21/2015,33076,50277,132711,746,null,105
5/22/2015,33898,58351,132765,1356,null,150
5/23/2015,25985,56999,132798,2967,null,166
5/24/2015,27400,66211,132839,3689,null,156
5/25/2015,30636,69099,132914,3392,null,221
5/26/2015,38282,64504,133006,1202,null,188
5/27/2015,35952,57511,133080,879,null,124
5/28/2015,38291,61662,133153,1014,null,144
5/29/2015,40179,69343,133217,1648,null,134
5/30/2015,33503,69481,133265,3082,null,192
5/31/2015,21196,40580,133339,1606,null,105
6/1/2015,16079,20369,133401,162,null,41
6/2/2015,12706,15730,133453,75,null,35
6/3/2015,36345,58749,133535,1129,null,143
6/4/2015,34390,52792,133598,806,null,147
6/5/2015,32861,51079,133641,959,null,117
6/6/2015,27910,55613,133687,2457,null,144
6/7/2015,32881,71994,133752,3295,null,169
6/8/2015,35453,58140,133832,1045,null,168
6/9/2015,37322,59489,133896,889,null,140
6/10/2015,41386,69035,133964,1223,null,140
6/11/2015,39083,62993,134041,1060,null,137
6/12/2015,36801,60933,134109,1374,null,131
6/13/2015,31772,67103,134156,3045,null,168
6/14/2015,29829,62977,134220,2633,null,192
6/15/2015,26533,38705,134279,575,null,122
6/16/2015,33832,52864,134345,798,null,151
6/17/2015,40009,65208,134414,1145,null,160
6/18/2015,37326,56562,134468,792,null,144
6/19/2015,39350,66914,134516,1543,null,143
6/20/2015,24937,45872,134548,1747,null,125
6/21/2015,27486,55513,134602,2295,null,140
6/22/2015,39758,66659,134676,1282,null,202
6/23/2015,34182,52805,134743,824,null,147
6/24/2015,43484,73125,134818,1270,null,189
6/25/2015,41618,68362,134859,1166,null,135
6/26/2015,40599,68529,134908,1579,null,182
6/27/2015,16271,28233,134935,1143,null,65
6/28/2015,21588,42273,134975,1610,null,101
6/29/2015,39785,69309,135065,1452,null,196
6/30/2015,39839,65564,135136,1220,null,156
7/1/2015,39019,64472,135204,1251,null,142
7/2/2015,36962,62434,135247,1411,null,175
7/3/2015,27821,58884,135294,2818,null,173
7/4/2015,22347,53110,135326,3036,null,130
7/5/2015,26708,61185,135384,2829,null,180
7/6/2015,36174,62539,135470,1287,null,224
7/7/2015,37930,63163,135548,1071,null,200
7/8/2015,35900,57751,135594,823,null,139
7/9/2015,32734,52402,135646,900,null,122
7/10/2015,39687,71490,135704,1724,null,143
7/11/2015,32620,69705,135755,3190,null,178
7/12/2015,31853,68158,135809,2875,null,166
7/13/2015,39586,67998,135890,1273,null,238
7/14/2015,36671,58900,135966,754,null,145
7/15/2015,35855,57781,136023,873,null,111
7/16/2015,43302,76535,136092,1676,null,197
7/17/2015,40782,73884,136144,1815,null,161
7/18/2015,29619,61739,136188,2800,null,165
7/19/2015,29332,61512,136244,2709,null,169
7/20/2015,35960,59568,136315,1052,null,205
7/21/2015,39557,66191,136379,1234,null,170
7/22/2015,43602,75758,136460,1363,null,179
7/23/2015,43319,75512,136528,1404,null,166
7/24/2015,41201,72841,136594,1778,null,174
7/25/2015,32458,73133,136655,3535,null,148
7/26/2015,31325,66278,136721,2889,null,171
7/27/2015,39602,67841,136818,1232,null,230
7/28/2015,41321,69131,136901,1245,null,181
7/29/2015,40267,66299,136979,1085,null,153
7/30/2015,31878,50297,137044,785,null,108
7/31/2015,39360,69897,137109,1723,null,177
8/1/2015,36088,84287,137654,4286,null,234
8/2/2015,32482,72633,137738,3189,null,204
8/3/2015,39912,69232,137833,1400,null,230
8/4/2015,41672,71146,137913,1393,null,168
8/5/2015,42149,71111,138024,1357,null,160
8/6/2015,43455,74669,138142,1498,null,170
8/7/2015,41967,74844,138224,1862,null,154
8/8/2015,39866,95931,138366,5101,null,205
8/9/2015,33654,78144,138455,3425,null,177
8/10/2015,40718,74754,138644,1518,null,228
8/11/2015,25692,42534,138756,622,null,107
8/12/2015,44145,80366,138895,1458,null,196
8/13/2015,43174,78784,139042,1479,null,155
8/14/2015,40903,72319,139172,1778,null,195
8/15/2015,38777,92390,139377,4773,null,226
8/16/2015,30337,65629,139514,2720,null,179
8/17/2015,37446,64425,139712,1285,null,180
8/18/2015,39913,67805,139882,1163,null,158
8/19/2015,40721,69834,140076,1266,null,151
8/20/2015,39275,66772,140222,1275,null,140
8/21/2015,38033,66202,140392,1572,null,160
8/22/2015,34269,77058,140516,3632,null,190
8/23/2015,33059,71456,140725,2960,null,178
8/24/2015,38676,68193,140971,1253,null,182
8/25/2015,41052,71734,141218,1224,null,178
8/26/2015,42373,73578,141423,1247,null,159
8/27/2015,42801,74735,141674,1333,null,161
8/28/2015,41418,74240,141943,1774,null,160
8/29/2015,34053,74840,142169,3470,null,197
8/30/2015,32581,68990,142496,2902,null,189
8/31/2015,40043,67836,143057,1197,null,194
9/1/2015,43069,72939,143239,1199,null,185
9/2/2015,43004,72983,143424,1244,null,162
9/3/2015,42462,71265,143581,1251,null,193
9/4/2015,39572,70681,143722,1843,null,211
9/5/2015,33669,77956,143854,4271,null,228
9/6/2015,32875,82123,143962,4571,null,200
9/7/2015,33280,75257,144160,3501,null,155
9/8/2015,42344,71591,144402,1138,null,208
9/9/2015,43528,71173,144617,1041,null,175
9/10/2015,22023,31862,144769,416,null,77
9/11/2015,47206,86598,144950,1929,null,207
9/12/2015,33282,68420,145145,2620,null,192
9/13/2015,34308,72749,145406,2814,null,215
9/14/2015,44367,83150,145619,1751,null,240
9/15/2015,48402,88238,145951,1533,null,227
9/16/2015,50780,91197,146279,1424,null,199
9/17/2015,50275,91433,146611,1508,null,206
9/18/2015,49946,95186,146874,2090,null,226
9/19/2015,42653,98568,147199,1840,null,230
9/20/2015,40099,90483,147602,3598,null,234
9/21/2015,47178,85002,147960,1290,null,249
9/22/2015,48664,84251,148254,1080,null,191
9/23/2015,48175,88117,148522,1568,null,218
9/24/2015,52706,96872,148809,1766,null,204
9/25/2015,51367,95467,149055,2059,null,193
9/26/2015,42559,93740,149309,3769,null,219
9/27/2015,38278,82841,149566,2940,null,151
9/28/2015,48009,90180,149886,1505,null,223
9/29/2015,48728,87702,150277,1284,null,173
9/30/2015,39450,65081,150811,744,null,77
10/1/2015,34719,55662,150933,804,null,92
10/2/2015,9444,12111,150976,65,null,4
10/3/2015,16564,25241,151027,489,null,64
10/4/2015,30214,59317,151167,2005,null,127
10/5/2015,44581,78665,151361,1193,null,176
10/6/2015,49720,89905,151461,1328,null,167
10/7/2015,50141,89586,151579,1211,null,172
10/8/2015,50179,88959,151968,1436,null,180
10/9/2015,37283,65046,152132,1302,null,97
10/10/2015,39348,87575,152260,3864,null,206
10/11/2015,38967,92607,152421,4004,null,171
10/12/2015,45584,102884,153049,2452,null,189
10/13/2015,49047,101421,153382,1235,null,151
10/14/2015,50000,99751,153619,1069,null,150
10/15/2015,48783,96975,153784,1318,null,155
10/16/2015,46486,93266,153866,1522,null,118
10/17/2015,31811,70864,154026,2239,null,120
10/18/2015,23978,49590,154092,1141,null,75
10/19/2015,36570,66941,154422,661,null,116
10/20/2015,45377,89988,154499,1093,null,147
10/21/2015,49121,100309,154626,1339,null,162
10/22/2015,49604,100026,154799,1342,null,177
10/23/2015,44681,90710,154935,1429,null,123
10/24/2015,31713,71472,155028,2254,null,101
10/25/2015,29289,62798,155118,1761,null,90
10/26/2015,42166,81381,155296,1039,null,154
10/27/2015,44553,83174,155445,866,null,86
10/28/2015,20736,34040,155572,128,null,25
10/29/2015,45359,90367,155697,1179,null,167
10/30/2015,44521,90284,155873,1558,null,154
10/31/2015,31759,70082,156005,2206,null,145
11/1/2015,30622,66939,156096,2090,null,111
11/2/2015,44534,89099,156208,1316,null,190
11/3/2015,49326,100760,156301,1567,null,166
11/4/2015,49487,99144,156400,1217,null,139
11/5/2015,43006,81276,156499,849,null,108
11/6/2015,47162,95321,156561,1571,null,122
11/7/2015,35586,79866,156647,2643,null,149
11/8/2015,32318,73329,156743,2361,null,99
11/9/2015,42262,78410,156820,899,null,102
11/10/2015,21585,34847,156963,120,null,42
11/11/2015,37705,68696,157038,712,null,95
11/12/2015,37319,64556,157143,430,null,61
11/13/2015,38970,70190,157226,892,null,78
11/14/2015,25300,50403,157296,1349,null,72
11/15/2015,25991,54736,157392,1497,null,78
11/16/2015,40916,78389,157491,833,null,105
11/17/2015,38939,68151,157570,488,null,66
11/18/2015,41486,73030,157628,498,null,82
11/19/2015,21890,36884,157666,167,null,37
11/20/2015,38205,71192,157702,890,null,73
11/21/2015,28038,56288,157731,1572,null,65
11/22/2015,23344,44743,157781,905,null,39
11/23/2015,30136,51812,157830,382,null,43
11/24/2015,32218,53981,157870,392,null,43
11/25/2015,30295,55504,157893,636,null,54
11/26/2015,13291,35956,157907,1436,null,61
11/27/2015,22829,51342,157929,1859,null,78
11/28/2015,15832,32196,157952,1061,null,45
11/29/2015,18453,36854,157997,888,null,45
11/30/2015,30221,52674,158047,346,null,62
12/1/2015,18399,29273,158067,61,null,22
12/2/2015,23782,39484,158096,138,null,29
12/3/2015,33917,59184,158130,348,null,42
12/4/2015,34737,61717,158157,549,null,60
12/5/2015,26355,56227,158183,1638,null,66
12/6/2015,24942,52485,158214,1321,null,53
12/7/2015,34139,60929,158251,554,null,84
12/8/2015,35614,59619,158284,411,null,69
12/9/2015,35305,59954,158317,355,null,33
12/10/2015,39099,69925,158357,638,null,67
12/11/2015,39059,72153,158388,822,null,63
12/12/2015,31956,68858,158427,2192,null,51
12/13/2015,32001,72863,158468,2470,null,68
12/14/2015,32518,57195,158529,606,null,56
12/15/2015,38660,67753,158572,606,null,54
12/16/2015,35643,61011,158617,436,null,50
12/17/2015,21960,35033,158643,120,null,26
12/18/2015,30699,51270,158671,384,null,38
12/19/2015,17776,30995,158692,527,null,31
12/20/2015,17029,30624,158732,604,null,36
12/21/2015,29800,54373,158772,494,null,29
12/22/2015,22941,39410,158793,274,null,26
12/23/2015,14817,28228,158825,172,null,19
12/24/2015,18445,35231,158844,660,null,64
12/25/2015,12331,37829,158883,2171,null,84
12/26/2015,13912,30690,158933,1021,null,96
12/27/2015,13176,30096,158993,1064,null,83
12/28/2015,18889,39889,159046,756,null,69
12/29/2015,13347,24451,159081,211,null,36
12/30/2015,22476,43736,159148,888,null,57
12/31/2015,20375,40032,159215,1072,null,54
1/1/2016,11009,24429,159362,919,null,51
1/2/2016,14587,29093,159403,877,null,34
1/3/2016,15499,29616,159459,784,null,27
1/4/2016,19593,36172,159502,166,null,33
1/5/2016,18053,32049,159534,121,null,22
1/6/2016,24569,40996,159564,265,null,27
1/7/2016,27773,45986,159588,318,null,24
1/8/2016,28709,47061,159621,364,null,28
1/9/2016,20846,37341,159654,632,null,20
1/10/2016,14275,25404,159682,391,null,18
1/11/2016,22937,37393,159731,155,null,32
1/12/2016,25211,38958,159761,151,null,23
1/13/2016,21133,31608,159792,82,null,15
1/14/2016,23780,37295,159813,123,null,29
1/15/2016,28435,45993,159841,379,null,27
1/16/2016,19178,35791,159885,803,null,37
1/17/2016,12024,20487,159910,387,null,22
1/18/2016,12718,19998,159931,123,null,13
1/19/2016,17281,26966,159957,64,null,12
1/20/2016,23419,35477,159972,126,null,11
1/21/2016,23671,36048,159991,133,null,15
1/22/2016,20950,31344,160004,115,null,6
1/23/2016,23008,41807,160005,318,null,23
1/24/2016,23008,41807,160013,318,null,23
1/25/2016,23008,41807,160020,318,null,23
1/26/2016,23008,41807,160028,318,null,23
1/27/2016,6760,13698,160039,54,null,6
1/28/2016,11944,22314,160053,81,null,9
1/29/2016,16028,26896,160064,118,null,27
1/30/2016,12964,23350,160084,328,null,23
1/31/2016,16112,31280,160118,533,null,17
2/1/2016,24334,42380,160160,202,null,31
2/2/2016,28527,47742,160189,280,null,31
2/3/2016,16203,24225,160216,63,null,12
2/4/2016,27765,47458,160247,304,null,24
2/5/2016,13669,25538,160257,102,null,7
2/6/2016,16933,38782,160280,586,null,35
2/7/2016,17605,31524,160316,622,null,30
2/8/2016,19026,28648,160335,80,null,20
2/9/2016,22740,40198,160364,156,null,9
2/10/2016,22418,38402,160395,130,null,17
2/11/2016,18747,27783,160425,87,null,15
2/12/2016,16445,27143,160450,104,null,16
2/13/2016,6625,11589,160459,46,null,4
2/14/2016,4652,6934,160468,78,null,4
2/15/2016,5883,8747,160480,43,null,1
2/16/2016,14225,27802,160505,53,null,19
2/17/2016,23572,38304,160528,182,null,26
2/18/2016,22261,34431,160550,202,null,26
2/19/2016,21959,35317,160568,268,null,17
2/20/2016,24484,53540,160618,1710,null,50
2/21/2016,20052,41645,160685,1228,null,29
2/22/2016,28233,48237,160749,455,null,37
2/23/2016,16133,26379,160784,62,null,10
2/24/2016,9761,14994,160814,38,null,3
2/25/2016,25102,42707,160849,237,null,23
2/26/2016,22574,36101,160887,254,null,19
2/27/2016,17226,37583,160910,706,null,18
2/28/2016,25440,61595,160982,2335,null,43
2/29/2016,27957,47933,161089,376,null,58
3/1/2016,30509,55160,161146,470,null,66
3/2/2016,26195,43535,161198,235,null,35
3/3/2016,24061,37848,161243,215,null,22
3/4/2016,17369,29100,161268,150,null,16
3/5/2016,18023,36875,161310,785,null,46
3/6/2016,18832,36377,161379,837,null,40
3/7/2016,31492,56232,161493,633,null,58
3/8/2016,36521,67958,161604,723,null,98
3/9/2016,41489,81662,161732,1226,null,125
3/10/2016,42252,82079,161867,1271,null,111
3/11/2016,38193,76636,161987,1266,null,79
3/12/2016,32770,81491,162086,3247,null,105
3/13/2016,27549,63214,162214,2216,null,67
3/14/2016,10930,16498,162289,70,null,17
3/15/2016,31595,57722,162380,582,null,79
3/16/2016,36067,68713,162482,930,null,78
3/17/2016,35390,65353,162583,785,null,98
3/18/2016,34647,69122,162670,933,null,87
3/19/2016,24048,49113,162733,1411,null,69
3/20/2016,16676,29737,162795,633,null,40
3/21/2016,26414,44457,162890,428,null,57
3/22/2016,33496,62248,163000,705,null,99
3/23/2016,40981,80289,163136,1279,null,120
3/24/2016,36495,67590,163216,1045,null,101
3/25/2016,34091,70525,163320,1684,null,128
3/26/2016,27474,67267,163407,2834,null,108
3/27/2016,22481,52462,163501,2080,null,67
3/28/2016,20344,35548,163589,375,null,60
3/29/2016,31481,55067,163681,588,null,97
3/30/2016,33674,61264,163770,769,null,64
3/31/2016,38192,79447,163865,1141,null,91
4/1/2016,34448,67595,163963,1113,0,82
4/2/2016,21838,46206,164031,1193,0,63
4/3/2016,15321,28615,164102,448,0,31
4/4/2016,12302,20143,164167,49,0,19
4/5/2016,26236,43723,164237,341,0,56
4/6/2016,29364,48901,164310,443,0,37
4/7/2016,30400,54591,164366,280,0,65
4/8/2016,30811,53039,164425,542,0,51
4/9/2016,12698,21151,164455,346,0,21
4/10/2016,23228,49190,164536,1508,0,48
4/11/2016,32048,59206,164632,668,0,82
4/12/2016,23765,43504,164703,316,0,50
4/13/2016,37538,71788,164790,761,0,106
4/14/2016,38502,88278,164885,963,0,93
4/15/2016,39676,86981,164996,1273,0,118
4/16/2016,36148,102228,165139,3726,0,141
4/17/2016,38838,115805,165354,4348,0,190
4/18/2016,43989,102730,165576,1595,0,197
4/19/2016,46075,107515,165812,1130,0,184
4/20/2016,44542,104249,166002,1160,0,116
4/21/2016,45568,104484,166153,1307,0,149
4/22/2016,48806,113556,166319,4230,0,105
4/23/2016,33631,96274,166462,3309,0,155
4/24/2016,37862,115132,166692,4026,0,177
4/25/2016,42303,100925,166902,1698,0,170
4/26/2016,34639,75454,167048,741,0,97
4/27/2016,41931,93272,167196,1395,0,110
4/28/2016,37428,74857,167311,927,0,95
4/29/2016,34878,78020,167439,1051,0,122
4/30/2016,38258,110776,167638,4244,0,165
5/1/2016,10697,29020,167721,260,0,24
5/2/2016,38536,84418,167842,967,0,152
5/3/2016,22858,57652,167987,350,0,45
5/4/2016,31619,67962,168111,449,0,84
5/5/2016,39903,80750,168262,970,0,107
5/6/2016,18860,42069,168326,275,0,45
5/7/2016,31078,78977,168427,2293,0,133
5/8/2016,31197,84464,168582,2773,0,157
5/9/2016,45724,103071,168779,1389,0,195
5/10/2016,44849,89755,168979,876,0,133
5/11/2016,51181,106139,169209,1531,0,147
5/12/2016,52273,115823,169407,1971,0,169
5/13/2016,32391,68317,169570,855,0,92
5/14/2016,42063,108807,169769,4186,0,212
5/15/2016,28662,64857,169933,1865,0,116
5/16/2016,42787,94791,170102,1362,0,186
5/17/2016,43396,80744,170276,1012,0,154
5/18/2016,44803,93320,170465,1120,0,121
5/19/2016,49184,104291,170680,1471,151,0
5/20/2016,52544,118192,170960,2349,184,0
5/21/2016,30524,72663,171147,2174,138,0
5/22/2016,37804,98270,171349,3159,131,0
5/23/2016,48578,109072,171680,1549,177,0
5/24/2016,34799,68156,171898,696,98,0
5/25/2016,53441,125803,172154,1702,191,0
5/26/2016,52134,124751,172386,1646,195,0
5/27/2016,46943,106768,172638,1988,221,0
5/28/2016,34233,95897,172831,3634,296,0
5/29/2016,36881,114069,173090,4820,161,0
5/30/2016,32627,94241,173422,2782,134,0
5/31/2016,49774,106059,174137,1492,212,0
6/1/2016,54662,127143,174344,1513,156,0
6/2/2016,54401,124918,174516,1649,162,0
6/3/2016,38975,85292,174633,1023,118,0
6/4/2016,40973,107610,174797,3824,159,0
6/5/2016,22395,54320,174912,1133,57,0
6/6/2016,52130,123879,175118,1861,208,0
6/7/2016,51761,114761,175293,1331,127,0
6/8/2016,42063,89460,175420,673,74,0
6/9/2016,52885,127585,175557,1556,168,0
6/10/2016,53235,119143,175697,2022,207,0
6/11/2016,40980,111784,175901,3432,126,0
6/12/2016,40636,117814,176087,3335,173,0
6/13/2016,49069,110720,176273,1364,200,0
6/14/2016,54813,116030,176467,1471,153,0
6/15/2016,55049,122197,176711,1524,154,0
6/16/2016,46198,100175,176865,1104,144,0
6/17/2016,54236,121671,177053,2677,155,0
6/18/2016,48901,143869,177210,6432,158,0
6/19/2016,45270,137558,177370,5555,151,0
6/20/2016,52247,119765,177660,1488,211,0
6/21/2016,53564,116215,177895,1331,144,0
6/22/2016,55749,119611,178168,1476,157,0
6/23/2016,53206,115262,178354,1253,160,0
6/24/2016,54186,123440,178545,2142,224,0
6/25/2016,43000,123815,178715,4069,176,0
6/26/2016,42992,117472,178893,3784,156,0
6/27/2016,47023,100253,179061,1400,164,0
6/28/2016,49593,99918,179215,1099,114,0
6/29/2016,54882,114793,179403,1402,128,0
6/30/2016,54843,125575,179625,1571,141,0
7/1/2016,39665,82871,179756,1316,139,null
7/2/2016,35835,111151,179903,3596,314,null
7/3/2016,35347,111116,180016,4095,169,null
7/4/2016,34859,109745,180158,3826,155,null
7/5/2016,43736,92107,180338,1357,160,null
7/6/2016,51336,109240,180540,1288,153,null
7/7/2016,48724,99975,180725,1255,113,null
7/8/2016,44400,91632,180852,1258,152,null
7/9/2016,38138,107359,180990,2844,145,null
7/10/2016,41985,123282,181172,3280,137,null
7/11/2016,52853,122260,181381,1440,211,null
7/12/2016,56515,120414,181571,1472,192,null
7/13/2016,55471,121029,181748,1510,146,null
7/14/2016,50345,108541,181877,1326,126,null
7/15/2016,48558,104701,182016,1709,173,null
7/16/2016,38405,103429,182144,3281,122,null
7/17/2016,41346,120635,182314,3440,153,null
7/18/2016,43681,97216,182488,1062,154,null
7/19/2016,54587,116806,182624,1498,139,null
7/20/2016,57213,128799,182792,1601,158,null
7/21/2016,54832,128476,182950,1553,161,null
7/22/2016,49185,105666,183072,1701,176,null
7/23/2016,37522,101810,183177,2932,138,null
7/24/2016,39634,113680,183332,2966,114,null
7/25/2016,35376,85145,183473,920,150,null
7/26/2016,52904,108783,183595,1385,168,null
7/27/2016,54148,115744,183731,1403,132,null
7/28/2016,50134,98694,183846,1292,123,null
7/29/2016,37693,81355,183937,1441,162,null
7/30/2016,27780,72197,184039,2242,112,null
7/31/2016,27651,70377,184157,1641,82,null
8/1/2016,49395,101134,184325,1359,166,null
8/2/2016,56744,116187,184558,1636,181,null
8/3/2016,56992,118370,184766,1827,143,null
8/4/2016,56587,118563,184960,1778,148,null
8/5/2016,53286,116534,185186,2012,185,null
8/6/2016,44209,125188,185436,4159,153,null
8/7/2016,43631,116183,185682,3856,149,null
8/8/2016,52251,115847,185956,1753,184,null
8/9/2016,56101,114892,186223,1701,165,null
8/10/2016,50100,101761,186401,1158,109,null
8/11/2016,47420,93639,186596,1238,152,null
8/12/2016,44729,90685,186771,1467,144,null
8/13/2016,38903,100035,186990,3333,125,null
8/14/2016,32961,74055,187173,2154,91,null
8/15/2016,49056,107305,187394,1417,175,null
8/16/2016,50411,103010,187601,1295,164,null
8/17/2016,53983,113583,187820,1430,138,null
8/18/2016,53209,115041,187998,1459,163,null
8/19/2016,51658,110723,188186,1862,175,null
8/20/2016,45808,138864,188499,4385,167,null
8/21/2016,35041,96941,188725,2664,127,null
8/22/2016,54201,118995,188996,1679,192,null
8/23/2016,58665,127012,189297,1675,170,null
8/24/2016,58134,127066,189577,1597,160,null
8/25/2016,53480,111985,189856,1436,169,null
8/26/2016,52026,112005,190156,1878,197,null
8/27/2016,45673,120578,190480,3767,173,null
8/28/2016,44639,121056,190844,3560,159,null
8/29/2016,53279,115101,191255,1530,174,null
8/30/2016,57392,121098,191713,1510,160,null
8/31/2016,57200,118815,192380,1320,136,null
9/1/2016,38174,77415,192592,714,104,null
9/2/2016,52999,126790,192814,2314,252,null
9/3/2016,41629,117476,193055,4009,268,null
9/4/2016,46020,140347,193326,5467,185,null
9/5/2016,45431,118022,193677,3778,190,null
9/6/2016,52432,108743,194065,1018,178,null
9/7/2016,60278,130391,194396,1328,199,null
9/8/2016,61551,130259,194674,1511,179,null
9/9/2016,56804,118213,194908,1582,178,null
9/10/2016,48454,127252,195189,3549,229,null
9/11/2016,52238,136353,195499,3572,216,null
9/12/2016,61083,127447,195832,1620,225,null
9/13/2016,64818,135366,196122,1462,198,null
9/14/2016,58928,121511,196388,1369,157,null
9/15/2016,67312,140436,196637,1612,240,null
9/16/2016,65257,145454,196886,2047,225,null
9/17/2016,59199,154037,197163,5117,210,null
9/18/2016,51685,131788,197449,3191,159,null
9/19/2016,34205,67180,197620,555,101,null
9/20/2016,64881,135085,197880,1454,200,null
9/21/2016,65453,142356,198118,1566,182,null
9/22/2016,67762,146370,198363,1681,207,null
9/23/2016,65499,142458,198577,2053,248,null
9/24/2016,53258,137355,198827,3990,212,null
9/25/2016,53563,143312,199198,3871,169,null
9/26/2016,61120,128011,199480,1375,170,null
9/27/2016,61334,122347,199739,1175,150,null
9/28/2016,59456,120072,199989,931,107,null
9/29/2016,55550,104364,200201,808,131,null
9/30/2016,21368,45194,200447,175,20,null
10/1/2016,39809,91771,200544,2017,133,null
10/2/2016,41018,100425,200664,2147,119,null
10/3/2016,56369,116682,200829,1514,183,null
10/4/2016,60196,123551,200954,1035,144,null
10/5/2016,65031,126942,201115,1240,160,null
10/6/2016,67580,137567,201234,1580,205,null
10/7/2016,65881,142612,201369,2398,222,null
10/8/2016,34624,86818,201485,2002,160,null
10/9/2016,21687,46334,201539,713,56,null
10/10/2016,52248,107487,201664,2013,163,null
10/11/2016,58754,113228,201761,1172,142,null
10/12/2016,57497,119851,201880,1170,153,null
10/13/2016,61209,117523,201984,1064,168,null
10/14/2016,60561,123000,202090,1592,183,null
10/15/2016,51991,138233,202215,3904,207,null
10/16/2016,48866,126550,202343,3195,172,null
10/17/2016,62649,132131,202502,1447,236,null
10/18/2016,68224,143635,202653,1656,194,null
10/19/2016,69758,145347,202772,1902,164,null
10/20/2016,63668,131686,202893,1377,198,null
10/21/2016,40865,80787,202960,724,102,null
10/22/2016,25301,55557,203019,658,45,null
10/23/2016,41462,99878,203137,2616,134,null
10/24/2016,55254,106893,203269,1145,146,null
10/25/2016,52667,96848,203349,716,102,null
10/26/2016,52466,103870,203410,809,85,null
10/27/2016,21054,39660,203449,101,23,null
10/28/2016,46233,89857,203492,766,111,null
10/29/2016,42513,103274,203579,2615,153,null
10/30/2016,37760,107572,203697,2971,114,null
10/31/2016,50071,107875,203787,1090,123,null
11/1/2016,55944,110056,203888,868,105,null
11/2/2016,62133,133258,203993,1242,141,null
11/3/2016,59632,124673,204108,943,174,null
11/4/2016,57867,126507,204195,1538,207,null
11/5/2016,48687,128639,204301,3416,177,null
11/6/2016,39413,104186,204428,2293,97,null
11/7/2016,49883,106484,204520,972,119,null
11/8/2016,56589,123718,204616,1137,107,null
11/9/2016,38050,75883,204660,257,40,null
11/10/2016,50863,111472,204728,813,139,null
11/11/2016,45826,105021,204802,1248,165,null
11/12/2016,34664,86968,204865,1916,114,null
11/13/2016,36806,95679,204958,2076,95,null
11/14/2016,48810,113590,205034,728,97,null
11/15/2016,22884,48797,205073,105,16,null
11/16/2016,53328,107831,205170,703,113,null
11/17/2016,53889,109418,205231,711,106,null
11/18/2016,53370,109802,205286,1051,125,null
11/19/2016,41208,98021,205376,2272,87,null
11/20/2016,20616,45772,205407,350,34,null
11/21/2016,32964,69754,205449,148,38,null
11/22/2016,36723,72592,205479,290,35,null
11/23/2016,34462,73005,205501,481,56,null
11/24/2016,12122,42343,205518,641,73,null
11/25/2016,20980,62444,205545,1011,67,null
11/26/2016,23810,65654,205572,1356,44,null
11/27/2016,24076,74381,205607,945,31,null
11/28/2016,42086,83300,205667,485,42,null
11/29/2016,14584,30989,205696,48,9,null
11/30/2016,24434,52424,205729,117,10,null
12/1/2016,43233,90239,205762,389,58,null
12/2/2016,42358,89092,205794,440,52,null
12/3/2016,29853,70853,205824,854,58,null
12/4/2016,27454,71729,205857,930,28,null
12/5/2016,35927,80214,205897,278,38,null
12/6/2016,33325,67187,205939,228,26,null
12/7/2016,38010,76605,205967,270,18,null
12/8/2016,39621,72219,205998,235,23,null
12/9/2016,33540,63950,206021,214,31,null
12/10/2016,22379,52716,206033,490,20,null
12/11/2016,17798,41740,206049,287,6,null
12/12/2016,29035,58701,206066,175,14,null
12/13/2016,39023,68858,206090,299,21,null
12/14/2016,37799,71798,206130,257,16,null
12/15/2016,25002,45840,206145,80,13,null
12/16/2016,24484,48288,206171,139,11,null
12/17/2016,6993,22363,206176,36,7,null
12/18/2016,16295,38459,206200,168,14,null
12/19/2016,25648,50405,206225,119,12,null
12/20/2016,27677,50408,206250,202,22,null
12/21/2016,30611,55746,206270,244,20,null
12/22/2016,30874,56441,206293,302,18,null
12/23/2016,26335,53318,206320,399,27,null
12/24/2016,8014,28033,206334,147,10,null
12/25/2016,9919,38209,206369,1052,43,null
12/26/2016,10774,32446,206400,315,27,null
12/27/2016,25946,61379,206450,960,68,null
12/28/2016,23596,52937,206476,619,38,null
12/29/2016,13202,29631,206503,104,8,null
12/30/2016,21366,45743,206543,641,49,null
12/31/2016,15925,46810,206585,798,33,null
1/1/2017,16009,50761,206624,1237,33,null
1/2/2017,8921,21545,206675,142,15,null
1/3/2017,14198,25879,206728,42,15,null
1/4/2017,34039,69966,206778,475,29,null
1/5/2017,28393,52446,206845,214,17,null
1/6/2017,24177,48964,206879,157,17,null
1/7/2017,4425,23556,206892,21,4,null
1/8/2017,6417,22756,206907,27,2,null
1/9/2017,15856,35209,206933,30,2,null
1/10/2017,23232,46216,206955,67,12,null
1/11/2017,32419,63099,206981,208,37,null
1/12/2017,39783,84763,207021,479,30,null
1/13/2017,33611,75847,207059,373,43,null
1/14/2017,13819,43090,207087,252,33,null
1/15/2017,17384,50738,207120,476,19,null
1/16/2017,24110,51664,207163,448,30,null
1/17/2017,18646,40697,207198,63,15,null
1/18/2017,30857,57978,207224,146,17,null
1/19/2017,36561,72077,207262,391,27,null
1/20/2017,26752,56479,207288,184,19,null
1/21/2017,26610,64662,207336,957,31,null
1/22/2017,20523,49368,207368,520,25,null
1/23/2017,15822,37687,207399,54,20,null
1/24/2017,13171,35619,207414,28,5,null
1/25/2017,36931,71418,207453,301,29,null
1/26/2017,33002,63750,207501,223,28,null
1/27/2017,32394,70189,207540,231,23,null
1/28/2017,21302,53955,207567,402,25,null
1/29/2017,22527,62854,207620,585,26,null
1/30/2017,29616,59975,207673,163,32,null
1/31/2017,25169,48684,207706,62,19,null
2/1/2017,35221,77639,207749,194,22,null
2/2/2017,34517,70727,207793,216,27,null
2/3/2017,29632,64701,207825,181,32,null
2/4/2017,19204,45120,207861,413,14,null
2/5/2017,20059,50532,207890,337,19,null
2/6/2017,33415,72513,207930,305,49,null
2/7/2017,23053,57760,207962,54,17,null
2/8/2017,40428,90430,208011,483,32,null
2/9/2017,0,0,208018,0,0,null
2/10/2017,1997,8344,208030,15,1,null
2/11/2017,8959,26272,208037,170,13,null
2/12/2017,5801,26468,208054,26,5,null
2/13/2017,23857,58710,208076,72,18,null
2/14/2017,29668,78530,208099,154,16,null
2/15/2017,32052,72383,208137,170,30,null
2/16/2017,29120,63551,208163,104,16,null
2/17/2017,28735,67530,208200,247,37,null
2/18/2017,30571,99126,208258,2078,114,null
2/19/2017,36963,125166,208347,3746,122,null
2/20/2017,32292,91412,208436,1512,75,null
2/21/2017,32643,84767,208516,308,48,null
2/22/2017,38119,90651,208594,439,36,null
2/23/2017,42434,98554,208658,828,88,null
2/24/2017,47031,117155,208767,1534,119,null
2/25/2017,33345,104309,208886,2035,77,null
2/26/2017,24713,75196,208966,849,33,null
2/27/2017,35984,80194,209035,388,42,null
2/28/2017,41835,92642,209119,504,60,null
3/1/2017,40592,85944,209229,393,51,null
3/2/2017,35739,73839,209310,320,44,null
3/3/2017,31105,68702,209370,292,39,null
3/4/2017,15646,43108,209404,252,14,null
3/5/2017,15919,50924,209451,312,22,null
3/6/2017,32467,72776,209536,321,39,null
3/7/2017,29683,63654,209587,181,29,null
3/8/2017,43470,101573,209656,694,55,null
3/9/2017,45251,99450,209728,764,34,null
3/10/2017,18412,41971,209758,95,15,null
3/11/2017,15185,48379,209781,183,27,null
3/12/2017,13442,38114,209799,167,9,null
3/13/2017,27417,58768,209827,205,14,null
3/14/2017,25988,61702,209843,380,31,null
3/15/2017,25988,61702,209859,380,31,null
3/16/2017,25988,61702,209870,380,31,null
3/17/2017,7098,25393,209888,151,15,null
3/18/2017,4106,17446,209910,93,6,null
3/19/2017,10550,33344,209943,339,21,null
3/20/2017,27378,60363,210002,288,21,null
3/21/2017,36824,78104,210073,479,47,null
3/22/2017,26927,55713,210121,140,15,null
3/23/2017,29885,74345,210160,291,25,null
3/24/2017,34019,82681,210199,485,39,null
3/25/2017,29647,86293,210267,1721,60,null
3/26/2017,19893,55139,210318,546,30,null
3/27/2017,26301,59614,210388,318,40,null
3/28/2017,21590,46003,210448,91,20,null
3/29/2017,42430,91525,210559,830,97,null
3/30/2017,39746,91041,210623,669,61,null
3/31/2017,6946,23462,210670,20,5,null
Date,daily_trips,daily_miles,annual_members_cumulative,1-day_pass_sales,3_day_passes_purchased,7-day_pass_sales
4/1/2017,23849,67299,210739,767,43,null
4/2/2017,39779,130087,210915,3639,58,null
4/3/2017,43484,104217,211075,970,68,null
4/4/2017,29990,63091,211171,183,23,null
4/5/2017,47635,108281,211310,1192,59,null
4/6/2017,18020,44411,211362,67,12,null
4/7/2017,35779,81358,211440,456,43,null
4/8/2017,35936,108886,211589,2719,83,null
4/9/2017,43895,137240,211806,4390,114,null
4/10/2017,50422,124356,212050,2164,139,null
4/11/2017,57309,150222,212298,2699,135,null
4/12/2017,51188,113959,212484,1493,108,null
4/13/2017,52915,131228,212648,2388,129,null
4/14/2017,52230,149382,212812,3451,273,null
4/15/2017,42531,134526,212950,3981,235,null
4/16/2017,48137,157912,213172,6143,361,null
4/17/2017,53247,127619,213385,2019,234,null
4/18/2017,53809,126129,213580,1624,194,null
4/19/2017,45788,97587,213703,738,55,null
4/20/2017,44260,108427,213819,1065,172,null
4/21/2017,39868,92348,213913,1194,129,null
4/22/2017,34596,101444,214028,5173,102,null
4/23/2017,49106,142563,214278,4541,420,null
4/24/2017,48692,103241,214462,1143,123,null
4/25/2017,20332,47829,214552,201,36,null
4/26/2017,37727,81859,214654,595,109,null
4/27/2017,52035,122394,214793,1412,266,null
4/28/2017,62199,163665,214965,2963,458,null
4/29/2017,57701,180290,215219,5699,562,null
4/30/2017,42928,125305,215455,2921,340,null
5/1/2017,56218,136675,215724,1813,311,null
5/2/2017,61205,142585,216017,1827,309,null
5/3/2017,59251,141936,216239,1537,247,null
5/4/2017,57428,144583,216436,1626,239,null
5/5/2017,24009,58278,216535,355,52,null
5/6/2017,46616,127879,216768,3349,363,null
5/7/2017,34293,90625,216928,1921,196,null
5/8/2017,51553,114260,217147,1230,253,null
5/9/2017,56461,118257,217341,1179,199,null
5/10/2017,58452,136080,217512,1362,225,null
5/11/2017,57208,135699,217673,1313,205,null
5/12/2017,56671,132477,217840,1784,189,null
5/13/2017,5704,28193,217905,117,0,null
5/14/2017,38729,114819,218120,2664,222,null
5/15/2017,54715,129870,218356,1279,185,null
5/16/2017,64504,157411,218690,1850,283,null
5/17/2017,65791,153500,219023,1864,241,null
5/18/2017,63753,149837,219304,1929,270,null
5/19/2017,62143,145832,219564,2310,275,null
5/20/2017,47858,135405,219776,3486,251,null
5/21/2017,54873,160019,220097,4903,287,null
5/22/2017,24627,61049,220269,218,22,null
5/23/2017,60024,139680,220513,1579,224,null
5/24/2017,60621,135482,220735,1558,153,null
5/25/2017,17494,50743,220840,143,27,null
5/26/2017,53763,133402,221049,2224,306,null
5/27/2017,46533,145924,221271,4590,511,null
5/28/2017,46724,151063,221515,5229,374,null
5/29/2017,26321,75825,221745,1149,77,null
5/30/2017,50192,114629,222057,962,204,null
5/31/2017,59494,142097,222764,1596,197,null
6/1/2017,67404,163063,222977,1957,289,null
6/2/2017,66905,157299,223162,2315,357,null
6/3/2017,56263,155712,223356,4627,356,null
6/4/2017,40138,100571,223520,2270,103,null
6/5/2017,55882,123795,223719,1286,204,null
6/6/2017,41268,86679,223834,523,89,null
6/7/2017,64452,149853,223969,1536,258,null
6/8/2017,62652,132716,224131,1631,266,null
6/9/2017,66504,156787,224289,2513,313,null
6/10/2017,57086,150903,224455,4764,296,null
6/11/2017,51427,140711,224654,3941,179,null
6/12/2017,57870,133564,224889,1561,201,null
6/13/2017,60920,129444,225078,1407,179,null
6/14/2017,60510,137988,225231,1573,218,null
6/15/2017,64761,144513,225430,1885,227,null
6/16/2017,56401,128201,225556,1507,177,null
6/17/2017,34899,83755,225683,2243,209,null
6/18/2017,49469,138414,225864,3730,295,null
6/19/2017,38308,88057,226025,878,158,null
6/20/2017,64670,146794,226220,1781,215,null
6/21/2017,67215,154525,226394,1666,258,null
6/22/2017,66304,158453,226589,1818,260,null
6/23/2017,55321,129797,226695,1585,205,null
6/24/2017,52150,141282,226849,4277,314,null
6/25/2017,54645,158625,227015,4527,256,null
6/26/2017,62661,145321,227211,2024,297,null
6/27/2017,64762,151112,227418,1697,229,null
6/28/2017,67740,159263,227679,1893,208,null
6/29/2017,64260,146419,227855,1703,210,null
6/30/2017,58660,132583,228047,2024,293,null
7/1/2017,36737,107126,228157,2828,372,null
7/2/2017,43035,128397,228306,4314,458,null
7/3/2017,48193,130240,228473,3243,316,null
7/4/2017,49924,146441,228669,4929,315,null
7/5/2017,60321,149487,228908,1886,267,null
7/6/2017,62147,140767,229085,1646,264,null
7/7/2017,44068,103656,229241,1283,216,null
7/8/2017,55015,146438,229453,4138,333,null
7/9/2017,57118,159914,229680,4471,340,null
7/10/2017,60908,141463,229933,1546,359,null
7/11/2017,61670,141463,230159,1269,227,null
7/12/2017,61786,132874,230336,1376,179,null
7/13/2017,56475,126527,230514,1322,180,null
7/14/2017,31851,70477,230610,570,101,null
7/15/2017,56499,148067,230772,4761,378,null
7/16/2017,56833,153666,230981,4497,308,null
7/17/2017,62555,141323,231225,1675,289,null
7/18/2017,66234,144623,231416,1724,243,null
7/19/2017,63916,143277,231603,1617,267,null
7/20/2017,59665,131871,231741,1439,229,null
7/21/2017,60074,136330,231882,1929,304,null
7/22/2017,48013,124272,232049,3634,332,null
7/23/2017,46945,117035,232212,3164,249,null
7/24/2017,43793,104460,232359,989,113,null
7/25/2017,65339,148542,232521,1549,285,null
7/26/2017,70329,168603,232674,2054,248,null
7/27/2017,65773,144443,232820,1666,214,null
7/28/2017,63911,151514,232984,2293,297,null
7/29/2017,52955,132509,233138,4085,324,null
7/30/2017,59364,165423,233360,5214,376,null
7/31/2017,64231,153123,233614,1862,263,null
8/1/2017,66676,147654,233824,1813,272,null
8/2/2017,56179,122622,233958,3291,139,null
8/3/2017,66144,146858,234160,1849,257,null
8/4/2017,56391,128749,234312,2212,325,null
8/5/2017,58966,169511,234524,5299,415,null
8/6/2017,56473,161492,234715,4686,292,null
8/7/2017,23395,55927,234851,249,34,null
8/8/2017,65228,145901,235084,1738,331,null
8/9/2017,67874,170524,235283,1952,300,null
8/10/2017,66245,151415,235457,1834,262,null
8/11/2017,63134,147098,235623,2360,358,null
8/12/2017,60531,173581,235890,5409,405,null
8/13/2017,57511,162040,236098,4755,337,null
8/14/2017,61460,139535,236328,1816,294,null
8/15/2017,52460,105695,236504,948,125,null
8/16/2017,68434,159032,236681,1905,251,null
8/17/2017,66654,156810,236872,2087,261,null
8/18/2017,36619,90704,236984,840,124,null
8/19/2017,62440,186037,237324,5992,461,null
8/20/2017,55438,147379,237518,4218,313,null
8/21/2017,61055,138059,237710,1832,277,null
8/22/2017,60541,133409,237878,1477,260,null
8/23/2017,65069,141360,238057,1712,219,null
8/24/2017,66306,151449,238257,1820,315,null
8/25/2017,64217,156344,238406,2316,325,null
8/26/2017,50111,132832,238546,3621,214,null
8/27/2017,54594,145524,238771,4135,278,null
8/28/2017,60885,133126,239016,1616,272,null
8/29/2017,35151,67448,239163,424,104,null
8/30/2017,65328,147325,239347,1760,309,null
8/31/2017,64881,144852,239519,1727,260,null
9/1/2017,54881,129382,239653,1775,294,null
9/2/2017,37810,107949,239785,3359,420,null
9/3/2017,30955,83988,239906,2394,175,null
9/4/2017,55284,164623,240126,5298,362,null
9/5/2017,65443,140362,240378,1607,265,null
9/6/2017,42318,86395,240541,445,90,null
9/7/2017,69571,148669,240750,1542,356,null
9/8/2017,69616,154397,240903,1976,322,null
9/9/2017,60187,150847,241108,4196,272,null
9/10/2017,60750,154588,241329,4056,301,null
9/11/2017,71964,166177,241563,1992,276,null
9/12/2017,74623,161263,241775,1737,238,null
9/13/2017,69616,146802,241991,1471,199,null
9/14/2017,72128,150535,242211,1551,244,null
9/15/2017,72361,160138,242393,2088,323,null
9/16/2017,61077,156839,242552,4304,297,null
9/17/2017,60003,156834,242748,3869,229,null
9/18/2017,64207,138078,242968,1387,190,null
9/19/2017,57977,115451,243128,914,146,null
9/20/2017,71222,150377,243309,1385,202,null
9/21/2017,67799,152463,243503,1690,191,null
9/22/2017,70192,163114,243715,2315,259,null
9/23/2017,62748,165582,243967,4821,322,null
9/24/2017,57503,148926,244277,3681,176,null
9/25/2017,69271,156367,244551,1537,258,null
9/26/2017,71566,156779,244809,1359,257,null
9/27/2017,69942,147977,245051,1268,200,null
9/28/2017,70951,148394,245299,1490,224,null
9/29/2017,67246,141709,245558,1875,288,null
9/30/2017,50200,113613,245923,2694,214,null
10/1/2017,55503,139011,246193,3511,235,null
10/2/2017,65509,141748,246402,1408,242,null
10/3/2017,69105,135800,246566,1258,194,null
10/4/2017,71453,150324,246742,1377,188,null
10/5/2017,70173,150437,246893,1365,251,null
10/6/2017,70249,148395,247025,2104,383,null
10/7/2017,63630,153928,247206,4996,356,null
10/8/2017,41039,100790,247336,2233,192,null
10/9/2017,38390,78912,247453,594,84,null
10/10/2017,74117,155978,247615,2016,312,null
10/11/2017,63587,126748,247767,1146,161,null
10/12/2017,61244,123433,247896,1070,169,null
10/13/2017,67016,136608,248038,1768,308,null
10/14/2017,58771,142476,248167,3680,347,null
10/15/2017,56529,137364,248382,3381,276,null
10/16/2017,61729,125800,248552,997,192,null
10/17/2017,64480,122345,248712,1030,170,null
10/18/2017,70233,147842,248878,1202,249,null
10/19/2017,72311,143664,249016,1491,274,null
10/20/2017,72174,157255,249162,2246,351,null
10/21/2017,65872,169402,249378,5093,276,null
10/22/2017,62148,153444,249596,4596,200,null
10/23/2017,69273,143899,249825,1659,279,null
10/24/2017,48077,95599,249930,466,82,null
10/25/2017,71284,142007,250090,1133,246,null
10/26/2017,64002,123419,250187,973,191,null
10/27/2017,69265,139481,250319,1991,352,null
10/28/2017,61345,143571,250499,4306,317,null
10/29/2017,9537,20810,250556,213,8,null
10/30/2017,49246,95502,250681,771,121,null
10/31/2017,60242,115329,250892,1076,166,null
11/1/2017,60772,111304,250975,717,125,null
11/2/2017,70810,144455,251060,1485,291,null
11/3/2017,71817,147055,251163,2275,335,null
11/4/2017,53433,120119,251269,3086,243,null
11/5/2017,34943,76281,251349,1263,80,null
11/6/2017,57606,116318,251433,1052,133,null
11/7/2017,36361,69588,251487,643,77,null
11/8/2017,54211,107852,251537,597,95,null
11/9/2017,58416,113119,251591,837,171,null
11/10/2017,38432,74794,251614,425,82,null
11/11/2017,28142,55350,251657,832,64,null
11/12/2017,32471,73187,251699,1191,62,null
11/13/2017,38752,72112,251751,314,47,null
11/14/2017,52278,95328,251802,493,59,null
11/15/2017,54230,104590,251842,524,70,null
11/16/2017,49737,93532,251884,521,74,null
11/17/2017,48989,93476,251928,712,74,null
11/18/2017,27745,58136,251965,872,53,null
11/19/2017,31597,66078,252008,1020,64,null
11/20/2017,45120,85295,252041,501,49,null
11/21/2017,52448,95288,252075,960,69,null
11/22/2017,32297,69530,252103,458,64,null
11/23/2017,13705,32527,252115,806,103,null
11/24/2017,23723,64012,252151,1129,95,null
11/25/2017,30510,73542,252184,1995,85,null
11/26/2017,27180,60652,252227,904,63,null
11/27/2017,46732,99410,252277,553,46,null
11/28/2017,51166,97329,252316,455,58,null
11/29/2017,55290,107040,252365,638,71,null
11/30/2017,51699,97110,252414,509,83,null
12/1/2017,50708,99868,252473,695,123,null
12/2/2017,38922,83660,252514,1513,100,null
12/3/2017,33728,77915,252561,1037,66,null
12/4/2017,49630,92142,252618,649,63,null
12/5/2017,41792,85008,252686,381,57,null
12/6/2017,46335,87328,252724,368,55,null
12/7/2017,45367,94653,252761,427,65,null
12/8/2017,41330,81217,252791,443,58,null
12/9/2017,10804,20955,252811,112,15,null
12/10/2017,19815,43621,252830,287,26,null
12/11/2017,41838,81071,252869,456,38,null
12/12/2017,42620,88499,252915,262,42,null
12/13/2017,32623,60051,252942,155,20,null
12/14/2017,27494,49648,252960,134,10,null
12/15/2017,22944,41598,252980,130,9,null
12/16/2017,19060,38766,252992,240,24,null
12/17/2017,22403,49790,253011,343,27,null
12/18/2017,40168,79914,253054,409,34,null
12/19/2017,49503,97301,253087,541,42,null
12/20/2017,41461,78833,253142,422,40,null
12/21/2017,37592,70297,253180,386,47,null
12/22/2017,34338,62387,253212,506,23,null
12/23/2017,9608,24205,253228,112,10,null
12/24/2017,13215,37985,253250,492,39,null
12/25/2017,6479,26767,253293,439,27,null
12/26/2017,14113,32919,253324,220,29,null
12/27/2017,16365,31793,253346,234,33,null
12/28/2017,13419,34438,253365,121,17,null
12/29/2017,13759,29284,253395,177,17,null
12/30/2017,5956,13910,253407,53,10,null
12/31/2017,6569,18326,253443,94,2,null
1/1/2018,5499,11483,253490,123,7,null
1/2/2018,18818,39352,253558,125,12,null
1/3/2018,24299,42853,253591,164,4,null
1/4/2018,1922,5328,253604,2,1,null
1/5/2018,4972,14303,253614,14,0,null
1/6/2018,4294,9479,253624,9,2,null
1/7/2018,5640,9387,253640,41,4,null
1/8/2018,15820,31294,253661,45,4,null
1/9/2018,25090,50981,253690,112,17,null
1/10/2018,28252,50218,253720,142,18,null
1/11/2018,33961,66584,253757,244,15,null
1/12/2018,22252,46403,253786,152,16,null
1/13/2018,17758,30418,253809,355,31,null
1/14/2018,12394,32949,253827,183,9,null
1/15/2018,17637,41770,253857,150,8,null
1/16/2018,30278,60053,253895,189,13,null
1/17/2018,19010,36319,253921,52,12,null
1/18/2018,27662,52573,253952,92,18,null
1/19/2018,30525,50322,253983,216,15,null
1/20/2018,28507,59336,254025,1044,41,null
1/21/2018,27908,61571,254092,1013,26,null
1/22/2018,36864,68638,254144,345,25,null
1/23/2018,28796,63693,254191,179,19,null
1/24/2018,36078,69596,254236,232,32,null
1/25/2018,31147,51927,254263,181,16,null
1/26/2018,33073,61857,254301,313,23,null
1/27/2018,34348,70146,254368,1415,41,null
1/28/2018,20100,38221,254415,334,22,null
1/29/2018,36799,68868,254466,274,33,null
1/30/2018,27996,59260,254492,114,15,null
1/31/2018,31276,54440,254539,141,19,null
2/1/2018,35561,66984,254590,212,27,null
2/2/2018,26313,50427,254620,129,18,null
2/3/2018,18385,40020,254640,263,23,null
2/4/2018,13959,35121,254670,224,7,null
2/5/2018,29068,56061,254725,193,21,null
2/6/2018,34102,68060,254760,160,18,null
2/7/2018,15289,31573,254781,30,4,null
2/8/2018,31563,60985,254806,168,20,null
2/9/2018,31567,57070,254833,223,25,null
2/10/2018,16323,37641,254857,343,26,null
2/11/2018,8809,21167,254877,85,2,null
2/12/2018,35138,68283,254922,339,40,null
2/13/2018,35189,69420,254968,252,31,null
2/14/2018,39591,80081,255002,408,39,null
2/15/2018,44193,88474,255044,501,28,null
2/16/2018,29191,57219,255088,316,37,null
2/17/2018,17921,38834,255118,537,51,null
2/18/2018,21537,50512,255151,938,40,null
2/19/2018,25677,62150,255217,553,50,null
2/20/2018,44478,98129,255306,906,85,null
2/21/2018,53110,118306,255430,1596,77,null
2/22/2018,27010,54857,255485,147,18,null
2/23/2018,25633,49639,255534,165,22,null
2/24/2018,25550,61251,255597,956,51,null
2/25/2018,16149,34052,255654,231,18,null
2/26/2018,42570,84614,255747,448,54,null
2/27/2018,48514,107682,255836,664,48,null
2/28/2018,50707,100855,255944,637,52,null
3/1/2018,45562,91489,256022,571,45,null
3/2/2018,6855,23277,256050,21,7,null
3/3/2018,28361,61107,256117,851,56,null
3/4/2018,25262,60490,256189,704,33,null
3/5/2018,36774,75190,256263,357,47,null
3/6/2018,42688,80995,256307,516,27,null
3/7/2018,8188,22312,256333,16,7,null
3/8/2018,28440,53403,256360,188,17,null
3/9/2018,34912,70068,256393,344,43,null
3/10/2018,25443,59343,256438,689,43,null
3/11/2018,27596,67622,256517,1173,46,null
3/12/2018,36339,76569,256578,351,39,null
3/13/2018,23137,46021,256623,133,14,null
3/14/2018,35377,62352,256673,269,39,null
3/15/2018,39572,72192,256724,462,66,null
3/16/2018,34921,62381,256763,383,55,null
3/17/2018,27671,62524,256823,1015,56,null
3/18/2018,25158,55182,256880,839,36,null
3/19/2018,39278,83086,256933,544,39,null
3/20/2018,35532,69573,256986,187,17,null
3/21/2018,3755,11799,257004,3,1,null
3/22/2018,27308,61715,257040,216,25,null
3/23/2018,38527,77668,257098,543,55,null
3/24/2018,34396,79562,257167,1755,88,null
3/25/2018,25562,62656,257226,710,24,null
3/26/2018,40295,88831,257315,718,87,null
3/27/2018,41354,88986,257378,524,63,null
3/28/2018,41880,80607,257447,586,64,null
3/29/2018,39288,84590,257501,544,65,null
3/30/2018,34784,78825,257584,1006,147,null
3/31/2018,41779,109399,257701,3856,151,null
4/1/2018,33148,94040,257811,2363,264,null
4/2/2018,22062,50418,257889,297,20,null
4/3/2018,25883,59477,257942,189,21,null
4/4/2018,36755,80049,258025,611,48,null
4/5/2018,39814,87382,258086,972,112,null
4/6/2018,35624,83643,258143,918,101,null
4/7/2018,33245,79955,258231,1661,129,null
4/8/2018,28410,67056,258324,1271,75,null
4/9/2018,40509,87612,258423,614,62,null
4/10/2018,43051,89629,258498,475,37,null
4/11/2018,48612,104081,258599,894,114,null
4/12/2018,53168,114400,258754,1095,146,null
4/13/2018,63503,150894,258926,3168,262,null
4/14/2018,62595,185232,259171,7643,346,null
4/15/2018,20440,58497,259252,525,21,null
4/16/2018,26288,65284,259344,452,31,null
4/17/2018,44689,104884,259470,589,85,null
4/18/2018,51110,112664,259583,996,152,null
4/19/2018,38298,79890,259704,407,52,null
4/20/2018,47049,101982,259820,1241,133,null
4/21/2018,63594,179681,260015,3142,214,null
4/22/2018,54282,149532,260257,5399,265,null
4/23/2018,57764,131224,260545,1976,191,null
4/24/2018,58523,126491,260740,1529,159,null
4/25/2018,31213,63086,260861,403,36,null
4/26/2018,66074,150788,261062,2578,294,null
4/27/2018,39153,85566,261172,823,70,null
4/28/2018,56735,158334,261434,6129,369,null
4/29/2018,44825,130649,261651,3594,266,null
4/30/2018,41074,91215,261874,751,66,null
5/1/2018,72035,173896,262154,3155,390,null
5/2/2018,76773,189852,262535,3270,329,null
5/3/2018,69053,165326,262816,2931,282,null
5/4/2018,71197,177291,263103,3595,360,null
5/5/2018,63325,167568,263371,6557,334,null
5/6/2018,48993,120205,263632,3484,289,null
5/7/2018,68915,156297,263992,2973,311,null
5/8/2018,74310,174749,264308,3046,356,null
5/9/2018,78454,183295,264589,3038,303,null
5/10/2018,67454,153260,264852,2408,275,null
5/11/2018,75262,184114,265052,4240,314,null
5/12/2018,34535,91563,265150,2227,92,null
5/13/2018,25985,67247,265260,1237,58,null
5/14/2018,64727,147144,265465,2553,273,null
5/15/2018,52826,118790,265682,1949,186,null
5/16/2018,32766,75694,265811,493,45,null
5/17/2018,49788,107763,265936,1755,113,null
5/18/2018,63112,146437,266075,2663,240,null
5/19/2018,18026,45461,266135,639,53,null
5/20/2018,56946,158983,266399,5458,304,null
5/21/2018,71218,172936,266669,3551,267,null
5/22/2018,48508,109420,266868,1090,103,null
5/23/2018,72653,170812,267098,2952,294,null
5/24/2018,74808,177631,267330,3417,294,null
5/25/2018,69342,174715,267536,4381,336,null
5/26/2018,51592,155957,267703,6129,417,null
5/27/2018,25813,78075,267815,1631,82,null
5/28/2018,49040,140226,268037,5148,267,null
5/29/2018,69090,170334,268305,2896,249,null
5/30/2018,72321,159297,268645,2742,216,null
5/31/2018,55798,123710,268998,1414,101,null
6/1/2018,62890,147780,269167,3049,250,null
6/2/2018,60287,158528,269371,5634,307,null
6/3/2018,50041,134416,269544,3892,154,null
6/4/2018,58910,130774,269763,2372,166,null
6/5/2018,71906,155007,269934,2682,199,null
6/6/2018,69797,154726,270119,2479,173,null
6/7/2018,70478,160532,270274,2808,198,null
6/8/2018,72696,163188,270455,3915,283,null
6/9/2018,65239,171623,270657,6917,292,null
6/10/2018,41639,106867,270825,3136,112,null
6/11/2018,68060,154381,271146,3044,243,null
6/12/2018,76255,166828,271364,3260,215,null
6/13/2018,64270,144934,271541,2044,104,null
6/14/2018,75803,173109,271708,3359,227,null
6/15/2018,72417,160081,271883,4005,296,null
6/16/2018,63182,165240,272071,7037,339,null
6/17/2018,56218,146611,272306,5760,232,null
6/18/2018,63551,136481,272522,2498,206,null
6/19/2018,72168,153883,272780,2902,230,null
6/20/2018,74088,165836,272950,2929,231,null
6/21/2018,70050,158375,273114,3026,262,null
6/22/2018,71084,156062,273291,3736,263,null
6/23/2018,51028,118620,273422,4172,207,null
6/24/2018,55775,152057,273615,5862,232,null
6/25/2018,71747,163026,273820,3441,221,null
6/26/2018,80643,171973,274006,3442,254,null
6/27/2018,67647,140557,274165,2457,183,null
6/28/2018,50431,104860,274290,1967,154,null
6/29/2018,69856,151785,274467,3940,326,null
6/30/2018,54713,134347,274628,5425,360,null
7/1/2018,45265,120484,274813,4209,211,null
7/2/2018,58633,130122,275016,2702,241,null
7/3/2018,54882,113998,275157,2358,199,null
7/4/2018,48368,136287,275304,5662,250,null
7/5/2018,59471,133659,275487,3344,264,null
7/6/2018,49504,111660,275614,2650,189,null
7/7/2018,60916,173852,275793,7284,349,null
7/8/2018,60486,171826,275988,6667,310,null
7/9/2018,70063,153650,276203,3103,283,null
7/10/2018,72501,147441,276399,2999,227,null
7/11/2018,73011,163349,276553,3049,170,null
7/12/2018,74857,161182,276703,3520,231,null
7/13/2018,72113,156285,276858,3998,294,null
7/14/2018,62556,157266,277000,7241,334,null
7/15/2018,52295,132234,277133,5121,248,null
7/16/2018,67072,146307,277344,3101,278,null
7/17/2018,48495,97913,277466,1558,129,null
7/18/2018,75706,169481,277703,3578,247,null
7/19/2018,78004,141327,277891,3938,280,null
7/20/2018,74539,136511,278052,4590,275,null
7/21/2018,53651,114977,278195,6266,309,null
7/22/2018,44284,87253,278338,4316,244,null
7/23/2018,53074,88170,278458,2277,152,null
7/24/2018,69754,117924,278651,2957,162,null
7/25/2018,42988,66587,278742,1474,124,null
7/26/2018,71065,122885,278874,3321,252,null
7/27/2018,49224,82987,278993,2526,251,null
7/28/2018,61543,129505,279147,7004,361,null
7/29/2018,63472,137343,279321,7244,250,null
7/30/2018,69512,123639,279509,3490,333,null
7/31/2018,76253,134233,279702,3637,246,null
8/1/2018,64467,106881,279888,2673,185,null
8/2/2018,69711,118282,280110,2998,217,null
8/3/2018,61962,105765,280279,3145,247,null
8/4/2018,51200,104541,280498,5352,198,null
8/5/2018,58379,122656,280721,6289,309,null
8/6/2018,65686,112585,280922,3022,281,null
8/7/2018,64351,106678,281097,2640,201,null
8/8/2018,70577,120473,281275,2911,267,null
8/9/2018,71976,124150,281441,3379,238,null
8/10/2018,69617,123534,281572,4266,280,null
8/11/2018,36607,69505,281689,2994,141,null
8/12/2018,59834,125265,281881,6407,281,null
8/13/2018,44273,70501,281991,1563,82,null
8/14/2018,63733,107144,282169,2592,211,null
8/15/2018,73124,128453,282317,3565,266,null
8/16/2018,70825,123444,282471,3511,276,null
8/17/2018,63316,109405,282583,3563,232,null
8/18/2018,57284,125508,282795,6672,351,null
8/19/2018,45874,86651,282943,3926,155,null
8/20/2018,67589,118793,283162,3312,224,null
8/21/2018,75214,132261,283358,3683,257,null
8/22/2018,72614,125978,283543,3366,225,null
8/23/2018,73877,130310,283720,3975,331,null
8/24/2018,72894,132952,283884,4794,320,null
8/25/2018,64683,140537,284066,7535,345,null
8/26/2018,60954,132223,284268,6928,302,null
8/27/2018,67630,116967,284457,3350,242,null
8/28/2018,66638,110486,284667,2814,150,null
8/29/2018,65903,107006,284791,2766,171,null
8/30/2018,67900,113385,284938,3218,164,null
8/31/2018,58922,97818,285087,3186,180,null
9/1/2018,54318,116904,285245,6711,439,null
9/2/2018,60828,140923,285368,5562,292,null
9/3/2018,55067,117164,285609,6239,279,null
9/4/2018,68655,114264,285867,2793,215,null
9/5/2018,74981,124919,286102,2934,191,null
9/6/2018,70264,113123,286304,2678,207,null
9/7/2018,74586,127470,286475,3523,227,null
9/8/2018,58284,111254,286637,5442,270,null
9/9/2018,19950,30544,286752,895,16,null
9/10/2018,23949,32472,286847,463,26,null
9/11/2018,66552,109380,286985,2456,193,null
9/12/2018,53241,82748,287120,1650,115,null
9/13/2018,74054,123401,287262,2874,197,null
9/14/2018,74330,128288,287412,3623,298,null
9/15/2018,71185,149524,287622,7570,353,null
9/16/2018,69515,150281,287897,7410,270,null
9/17/2018,71340,118809,288137,2914,162,null
9/18/2018,53077,82768,288266,1433,74,null
9/19/2018,74372,129089,288450,3529,290,null
9/20/2018,76803,129385,288599,3130,235,null
9/21/2018,74940,128273,288719,3677,224,null
9/22/2018,69133,142121,289160,7511,298,null
9/23/2018,55494,104944,289370,4716,184,null
9/24/2018,71631,115888,289524,2615,289,null
9/25/2018,25430,35795,289591,506,65,null
9/26/2018,68007,110772,289698,2423,296,null
9/27/2018,75370,126480,289829,3044,399,null
9/28/2018,57230,90249,289911,1986,296,null
9/29/2018,69321,145920,290170,6960,906,null
9/30/2018,66224,139423,290467,6367,675,null
10/1/2018,71387,120257,290631,2618,307,null
10/2/2018,73113,122234,290788,2666,195,null
10/3/2018,76769,129720,290947,3141,199,null
10/4/2018,70698,116337,291073,2838,222,null
10/5/2018,74744,129597,291166,3979,254,null
10/6/2018,57599,110421,291298,5658,310,null
10/7/2018,60753,127033,291425,6936,277,null
10/8/2018,58256,95097,291549,2865,121,null
10/9/2018,74251,123973,291672,2846,207,null
10/10/2018,77317,132255,291765,3115,202,null
10/11/2018,46862,70173,291862,1323,59,null
10/12/2018,67686,113055,291962,3453,255,null
10/13/2018,54747,100652,292029,2430,125,null
10/14/2018,54297,103697,292158,4805,204,null
10/15/2018,59181,92219,292262,1958,95,null
10/16/2018,66661,104171,292370,2200,158,null
10/17/2018,67868,107762,292469,2341,134,null
10/18/2018,61668,94356,292519,1969,143,null
10/19/2018,64735,105730,292604,3012,192,null
10/20/2018,56281,109142,292711,5644,309,null
10/21/2018,39192,64764,292811,2488,100,null
10/22/2018,57919,88293,292899,1721,133,null
10/23/2018,68086,110293,292992,2356,181,null
10/24/2018,64203,98615,293077,1942,97,null
10/25/2018,61637,95827,293309,2003,146,null
10/26/2018,59861,92569,293508,2292,131,null
10/27/2018,13124,17949,293542,333,11,null
10/28/2018,42502,74540,293611,3134,154,null
10/29/2018,60028,92882,293722,1853,156,null
10/30/2018,65545,102834,293819,1957,141,null
10/31/2018,68447,114039,294007,2544,225,null
11/1/2018,74260,128502,294111,3288,245,null
11/2/2018,63746,105906,294186,2817,237,null
11/3/2018,49127,89639,294256,4200,199,null
11/4/2018,50713,98021,294329,5107,99,null
11/5/2018,33345,47328,294396,776,31,null
11/6/2018,40271,56313,294442,1186,29,null
11/7/2018,67925,112354,294527,2590,189,null
11/8/2018,64441,103621,294595,2191,146,null
11/9/2018,36952,54282,294647,1064,63,null
11/10/2018,37809,63740,294689,2649,132,null
11/11/2018,36612,64197,294744,2763,78,null
11/12/2018,51341,79338,294792,1707,79,null
11/13/2018,36957,52453,294838,751,27,null
11/14/2018,49621,70932,294882,935,30,null
11/15/2018,24948,35594,294900,407,24,null
11/16/2018,34447,49576,294915,761,48,null
11/17/2018,37974,61206,294951,2257,56,null
11/18/2018,34390,55093,294988,1916,45,null
11/19/2018,54540,83935,295037,1522,84,null
11/20/2018,51910,75746,295070,1259,37,null
11/21/2018,40417,58441,295112,1050,39,null
11/22/2018,8798,12626,295200,369,20,null
11/23/2018,16107,23143,295439,597,26,null
11/24/2018,20087,32011,295530,1137,41,null
11/25/2018,34519,60831,295688,2521,36,null
11/26/2018,29189,42333,296251,499,18,null
11/27/2018,49979,74556,296351,802,31,null
11/28/2018,48433,69352,296405,777,29,null
11/29/2018,51468,76715,296452,1054,51,null
11/30/2018,46001,67098,296497,1065,47,null
12/1/2018,37989,62304,296553,2256,37,null
12/2/2018,18418,26501,296584,554,11,null
12/3/2018,53974,85524,296664,1308,62,null
12/4/2018,49058,71843,296708,867,27,null
12/5/2018,46779,67536,296753,814,38,null
12/6/2018,46543,66885,296798,910,40,null
12/7/2018,43841,63353,296843,948,52,null
12/8/2018,29909,44552,296867,1271,46,null
12/9/2018,27547,40886,296897,1064,23,null
12/10/2018,43358,62699,296938,762,25,null
12/11/2018,47335,68321,296974,823,20,null
12/12/2018,47717,68600,297005,748,28,null
12/13/2018,40736,57295,297042,593,14,null
12/14/2018,44775,66633,297078,1137,44,null
12/15/2018,36423,57244,297119,1902,45,null
12/16/2018,9835,13599,297131,203,4,null
12/17/2018,45382,66449,297173,909,32,null
12/18/2018,41703,58360,297205,656,22,null
12/19/2018,44096,63165,297238,877,22,null
12/20/2018,34026,48713,297269,751,20,null
12/21/2018,23996,34450,297290,481,24,null
12/22/2018,24870,36653,297327,1088,25,null
12/23/2018,22230,35921,297355,1298,37,null
12/24/2018,18990,27246,297387,681,18,null
12/25/2018,11177,21483,297426,1080,38,null
12/26/2018,25358,39176,297487,1118,49,null
12/27/2018,31169,48943,297527,1510,51,null
12/28/2018,12039,17576,297555,334,25,null
12/29/2018,29037,54116,297622,2677,104,null
12/30/2018,22536,37741,297682,1562,51,null
12/31/2018,18936,29794,297748,962,31,null
1/1/2019,22145,44131,297823,2429,49,null
1/2/2019,38249,58975,297908,1062,36,null
1/3/2019,42181,62500,297976,969,31,null
1/4/2019,44420,65739,298017,1173,33,null
1/5/2019,17636,24326,298048,462,8,null
1/6/2019,31764,50481,298094,1711,31,null
1/7/2019,36928,52310,298152,514,18,null
1/8/2019,41728,60469,298218,654,23,null
1/9/2019,44882,63480,298263,646,23,null
1/10/2019,39449,53225,298299,478,13,null
1/11/2019,33196,44226,298331,465,23,null
1/12/2019,25431,35133,298361,772,26,null
1/13/2019,23020,33018,298399,700,18,null
1/14/2019,35408,48021,298439,402,9,null
1/15/2019,39538,54751,298470,511,19,null
1/16/2019,40854,56553,298510,513,7,null
1/17/2019,39417,53430,298546,463,14,null
1/18/2019,34478,47215,298574,542,27,null
1/19/2019,23933,34580,298595,865,28,null
1/20/2019,14440,19131,298616,368,8,null
1/21/2019,10392,11911,298632,141,5,null
1/22/2019,28913,37788,298665,315,14,null
1/23/2019,42028,59442,298692,526,10,null
1/24/2019,20328,27931,298721,260,7,null
1/25/2019,39298,54567,298748,621,21,null
1/26/2019,26607,38634,298778,933,18,null
1/27/2019,30338,48280,298828,1510,19,null
1/28/2019,36173,49109,298878,448,13,null
1/29/2019,31355,42066,298919,341,12,null
1/30/2019,25496,33178,298947,263,8,null
1/31/2019,18882,22917,298975,186,8,null
2/1/2019,25289,31752,298998,255,11,null
2/2/2019,22280,30802,299032,627,19,null
2/3/2019,32274,52757,299103,1743,24,null
2/4/2019,47049,73262,299172,1180,42,null
2/5/2019,54710,87917,299249,1770,42,null
2/6/2019,39616,55696,299296,754,27,null
2/7/2019,43840,62728,299341,765,22,null
2/8/2019,36964,52442,299383,864,22,null
2/9/2019,24041,33607,299409,811,10,null
2/10/2019,24434,35873,299449,935,6,null
2/11/2019,39197,54362,299493,563,20,null
2/12/2019,16044,22190,299521,150,4,null
2/13/2019,35523,48870,299551,439,21,null
2/14/2019,42313,61381,299589,773,26,null
2/15/2019,47524,74286,299633,1590,58,null
2/16/2019,31347,52760,299683,2030,58,null
2/17/2019,24287,39660,299711,1439,30,null
2/18/2019,26176,37500,299757,810,17,null
2/19/2019,35226,49024,299810,595,10,null
2/20/2019,20694,28763,299835,221,15,null
2/21/2019,40082,60375,299871,961,37,null
2/22/2019,42338,61956,299913,1097,49,null
2/23/2019,31956,49887,299956,1635,28,null
2/24/2019,24503,37473,299993,992,19,null
2/25/2019,34736,47207,300029,495,14,null
2/26/2019,38126,52805,300067,524,23,null
2/27/2019,37028,48666,300097,464,27,null
2/28/2019,38784,53031,300157,652,30,null
3/1/2019,30242,41583,300183,522,26,null
3/2/2019,18001,27381,300213,570,25,null
3/3/2019,23240,35764,300264,1115,22,null
3/4/2019,28424,39154,300319,563,23,null
3/5/2019,37103,50155,300367,552,24,null
3/6/2019,33287,42845,300409,376,27,null
3/7/2019,35913,46582,300450,468,15,null
3/8/2019,40416,55748,300503,852,32,null
3/9/2019,38929,68739,300574,3010,35,null
3/10/2019,18897,28056,300611,662,16,null
3/11/2019,52412,80705,300691,1749,56,null
3/12/2019,47214,66518,300757,1003,40,null
3/13/2019,50121,71556,300825,1194,42,null
3/14/2019,57476,86864,300904,1826,82,null
3/15/2019,57517,95073,300987,2843,119,null
3/16/2019,42144,74307,301086,3369,97,null
3/17/2019,36826,64440,301187,2755,73,null
3/18/2019,46535,68775,301278,1361,54,null
3/19/2019,52997,78320,301381,1602,49,null
3/20/2019,55396,83442,301476,1723,58,null
3/21/2019,21248,27005,301520,342,14,null
3/22/2019,35477,49691,301579,1076,51,null
3/23/2019,37379,61407,301671,2693,74,null
3/24/2019,50318,100843,301827,5896,79,null
3/25/2019,53463,79824,301952,1562,64,null
3/26/2019,55421,81425,302083,1715,49,null
3/27/2019,54483,78975,302176,1583,56,null
3/28/2019,58538,87465,302430,1966,87,null
3/29/2019,59324,91975,302587,2573,103,null
3/30/2019,66672,144759,302941,9151,135,null
3/31/2019,32768,52486,303060,1916,52,null
4/1/2019,51399,75072,303223,1466,76,null
4/2/2019,57903,83399,303386,1483,73,null
4/3/2019,67924,108780,303552,3013,79,null
4/4/2019,66403,104268,303699,2633,87,null
4/5/2019,34470,46930,303766,812,46,null
4/6/2019,66532,143054,303958,8852,139,null
4/7/2019,64713,138291,304216,8191,87,null
4/8/2019,70514,123304,304525,3804,89,null
4/9/2019,59336,86248,304677,1684,79,null
4/10/2019,70988,112985,304865,2845,116,null
4/11/2019,62430,93232,305003,2222,93,null
4/12/2019,58010,92517,305134,2811,118,null
4/13/2019,71500,159264,305362,10443,128,null
4/14/2019,58474,123470,305584,7263,119,null
4/15/2019,45663,71673,305722,1816,75,null
4/16/2019,63323,106799,305906,3197,134,null
4/17/2019,65249,109668,306077,3276,89,null
4/18/2019,61568,98909,306205,2845,104,null
4/19/2019,64939,120796,306365,5782,271,null
4/20/2019,36785,68489,306453,4049,115,null
4/21/2019,51869,114490,306647,7439,140,null
4/22/2019,44112,71869,306827,3426,69,null
4/23/2019,75443,143334,307082,5928,202,null
4/24/2019,77736,144473,307320,5868,135,null
4/25/2019,60834,101124,307484,3569,114,null
4/26/2019,37121,55000,307578,1387,76,null
4/27/2019,56442,111440,307737,7022,151,null
4/28/2019,41204,68976,307862,3338,87,null
4/29/2019,60801,98707,308020,2829,104,null
4/30/2019,62668,99225,308192,2715,94,null
5/1/2019,60904,93434,308383,2285,106,null
5/2/2019,68714,115573,308575,3763,171,null
5/3/2019,62410,100885,308738,3452,151,null
5/4/2019,56025,114113,308919,7286,110,null
5/5/2019,16169,25232,308988,802,16,null
5/6/2019,69920,121887,309187,4178,166,null
5/7/2019,72829,126637,309356,4055,124,null
5/8/2019,76398,130821,309530,4255,131,null
5/9/2019,66689,105721,309646,2851,130,null
5/10/2019,68044,114830,309790,4427,163,null
5/11/2019,69788,153674,310021,10581,133,null
5/12/2019,10730,15759,310063,475,9,null
5/13/2019,22300,29434,310141,553,19,null
5/14/2019,42783,61756,310248,1301,73,null
5/15/2019,74314,129217,310395,4484,140,null
5/16/2019,77889,139278,310590,5354,174,null
5/17/2019,72118,126992,310760,5124,167,null
5/18/2019,73143,162302,310992,11292,227,null
5/19/2019,69920,154638,311245,10321,193,null
5/20/2019,74494,133696,311495,5225,173,null
5/21/2019,79261,139284,311686,5088,160,null
5/22/2019,82021,144186,311888,5431,153,null
5/23/2019,56578,93244,312082,3527,121,null
5/24/2019,74866,141169,312276,7322,245,null
5/25/2019,59492,136772,312484,10682,279,null
5/26/2019,49950,118192,312648,9325,145,null
5/27/2019,66595,160750,312896,12124,136,null
5/28/2019,59435,97330,313092,2992,96,null
5/29/2019,55098,87647,313251,2952,111,null
5/30/2019,52484,84325,313402,2831,129,null
5/31/2019,83347,156832,313606,7586,261,null
6/1/2019,76416,164956,313815,12153,214,null
6/2/2019,67288,147247,314051,10419,144,null
6/3/2019,77678,141960,314327,6027,152,null
6/4/2019,83301,150076,314642,6422,168,null
6/5/2019,78791,134998,314889,5166,143,null
6/6/2019,81323,143619,315121,6138,183,null
6/7/2019,82908,150312,315337,7530,256,null
6/8/2019,78074,175352,315583,13831,206,null
6/9/2019,73954,167597,315861,12833,121,null
6/10/2019,37019,54769,316007,1566,44,null
,,,,,,
